smiles,TPA
CCN(CC)c1ccc2c(c1)O[B-](c1ccccc1)(c1ccccc1)[N+](c1ccccc1)=C2,3.871201011
CCN(CC)c1ccc2c(c1)O[B-](c1ccccc1)(c1ccccc1)[N+](c1ccc(F)cc1)=C2,3.828641396
CCN(CC)c1ccc2c(c1)O[B-](c1ccccc1)(c1ccccc1)[N+](c1ccc(Cl)cc1)=C2,4.477336814
CCN(CC)c1ccc2c(c1)O[B-](c1ccccc1)(c1ccccc1)[N+](c1ccc(OC)cc1)=C2,3.713572067
CCN(CC)c1ccc([N+]2=Cc3ccc(N(CC)CC)cc3O[B-]2(c2ccccc2)c2ccccc2)cc1,3.988984047
CCN(CC)c1ccc2c(c1)O[B-](c1ccccc1)(c1ccccc1)[N+](c1ccc(C(=O)OC)cc1)=C2,4.919980926
CCOC(=O)c1ccc([N+]2=Cc3ccc(N(CC)CC)cc3O[B-]2(c2ccccc2)c2ccccc2)cc1,5.170483995
CCN(CC)c1ccc(/C=N/c2ccc(/C(C#N)=C/c3ccc(N(CC)CCO)cc3)cc2)c(O)c1,3.295836866
Cc1ccc2c(c1)C(=O)[C@]1(O)CCN(c3ccccc3)C1=N2,6.502790046
CCOC(=O)CN(CC(=O)OCC)c1ccc(-c2cc(-c3ccccn3)cc(-c3ccccn3)c2)cc1,4.262679877
CCOC(=O)CN(CC(=O)OCC)c1ccc(-c2cc(-c3cccnc3)cc(-c3cccnc3)c2)cc1,4.65396035
CCOC(=O)CN(CC(=O)OCC)c1ccc(-c2cc(-c3ccncc3)cc(-c3ccncc3)c2)cc1,4.543294782
CCN(CC)c1ccc2cc(/C=N/NC(=S)SCc3ccccc3)c(=O)oc2c1,5.616771098
CN(CCO)c1ccc(/C=C(\C#N)c2ccc([N+](=O)[O-])cc2)cc1,6.952613915
CCN(CCO)c1ccc(/C=C(\C#N)c2ccc([N+](=O)[O-])cc2)cc1,8.281756893
N#C/C(=C\c1ccc(N(CCO)CCO)cc1)c1ccc([N+](=O)[O-])cc1,8.933516469
CN(CCO)c1ccc(/C=C(\C#N)c2ccc(N)cc2)cc1,6.791479856
CCN(CCO)c1ccc(/C=C(\C#N)c2ccc(N)cc2)cc1,6.842234943
N#C/C(=C\c1ccc(N(CCO)CCO)cc1)c1ccc(N)cc1,8.240369288
CCCCCCCCOc1ccc(/C=C/c2cc(/C=C/c3ccc(OCCCCCCCC)cc3)nc(-c3ccc(-c4ccc(-c5nc(/C=C/c6ccc(OCCCCCCCC)cc6)cc(/C=C/c6ccc(OCCCCCCCC)cc6)n5)s4)s3)n2)cc1,7.209340257
O=C(/C=C/c1ccc(N(c2ccccc2)c2ccccc2)s1)c1ccccc1,5.231108617
O=C(/C=C/c1ccc(N(c2ccccc2)c2ccccc2)s1)c1ccccn1,5.049856007
O=C(/C=C/c1ccc(N(c2ccccc2)c2ccccc2)s1)c1cccnc1,5.370638028
CCOc1ccc(N(c2ccc(OCC)cc2)c2ccc(/C=C/C(=O)c3ccccc3)s2)cc1,6.045005314
CCOc1ccc(N(c2ccc(OCC)cc2)c2ccc(/C=C/C(=O)c3ccccn3)s2)cc1,6.70930434
CCOc1ccc(N(c2ccc(OCC)cc2)c2ccc(/C=C/C(=O)c3cccnc3)s2)cc1,6.300785795
CCCCCCCCCCCCN(CCCCCCCCCCCC)c1ccc(/C=C/c2c3ccccc3c(C=C3C(=O)CC(C)(C)CC3=O)c3ccccc23)cc1,6.551080335
CCCCCCCCCCCCN(CCCCCCCCCCCC)c1ccc(/C=C/c2c3ccccc3c(C=C3C(=O)c4ccccc4C3=O)c3ccccc23)cc1,6.877296071
CCCCCCCCCCCCN(CCCCCCCCCCCC)c1ccc(C#Cc2c3ccccc3c(C=C3C(=O)CC(C)(C)CC3=O)c3ccccc23)cc1,6.907755279
CCCCCCCCCCCCN(CCCCCCCCCCCC)c1ccc(C#Cc2c3ccccc3c(C=C3C(=O)c4ccccc4C3=O)c3ccccc23)cc1,7.824046011
CN(C)c1cccc2c(/C=C3\CC/C(=C\c4ccc(N(C)C)c5c(N(C)C)cccc45)C3=O)ccc(N(C)C)c12,6.396929655
CCN(CC)c1ccc(/C=C/c2cccs2)cc1,8.256088134
C(=C/c1cccs1)\c1ccc(N(c2ccccc2)c2ccccc2)cc1,5.438079309
CCOc1ccc(N(c2ccc(/C=C/c3cccs3)cc2)c2ccc(OCC)cc2)cc1,7.972466016
CCN(CC)c1ccc(/C=C/C(=O)c2cccs2)cc1,9.024010794
O=C(/C=C/c1ccc(N(c2ccccc2)c2ccccc2)cc1)c1cccs1,9.071078305
CCOc1ccc(N(c2ccc(/C=C/C(=O)c3cccs3)cc2)c2ccc(OCC)cc2)cc1,7.932003152
COc1ccc(/C=C/c2cc(/C=C/c3ccc(OC)c(OC)c3)nc(-c3nc(/C=C/c4ccc(OC)c(OC)c4)cc(/C=C/c4ccc(OC)c(OC)c4)n3)n2)cc1OC,5.783825182
CCCCCCCCCCCCOc1ccc(/C=C/c2cc(/C=C/c3ccc(OCCCCCCCCCCCC)c(OCCCCCCCCCCCC)c3)nc(-c3nc(/C=C/c4ccc(OCCCCCCCCCCCC)c(OCCCCCCCCCCCC)c4)cc(/C=C/c4ccc(OCCCCCCCCCCCC)c(OCCCCCCCCCCCC)c4)n3)n2)cc1OCCCCCCCCCCCC,5.940171253
CCCCCCCCCCCCCCCCOc1ccc(/C=C/c2cc(/C=C/c3ccc(OCCCCCCCCCCCCCCCC)c(OCCCCCCCCCCCCCCCC)c3)nc(-c3nc(/C=C/c4ccc(OCCCCCCCCCCCCCCCC)c(OCCCCCCCCCCCCCCCC)c4)cc(/C=C/c4ccc(OCCCCCCCCCCCCCCCC)c(OCCCCCCCCCCCCCCCC)c4)n3)n2)cc1OCCCCCCCCCCCCCCCC,5.918893854
CCCCCCCCCCCCOc1cc(/C=C/c2cc(/C=C/c3cc(OCCCCCCCCCCCC)cc(OCCCCCCCCCCCC)c3)nc(-c3nc(/C=C/c4cc(OCCCCCCCCCCCC)cc(OCCCCCCCCCCCC)c4)cc(/C=C/c4cc(OCCCCCCCCCCCC)cc(OCCCCCCCCCCCC)c4)n3)n2)cc(OCCCCCCCCCCCC)c1,4.787491743
CCCCCCCCCCCCCCCCOc1cc(/C=C/c2cc(/C=C/c3cc(OCCCCCCCCCCCCCCCC)cc(OCCCCCCCCCCCCCCCC)c3)nc(-c3nc(/C=C/c4cc(OCCCCCCCCCCCCCCCC)cc(OCCCCCCCCCCCCCCCC)c4)cc(/C=C/c4cc(OCCCCCCCCCCCCCCCC)cc(OCCCCCCCCCCCCCCCC)c4)n3)n2)cc(OCCCCCCCCCCCCCCCC)c1,4.700480366
N#CC(C#N)=C(c1ccc(N(c2ccccc2)c2ccccc2)cc1)c1ccc(N(c2ccccc2)c2ccccc2)cc1,7.258412151
N#CC(C#N)=C(c1ccc(-n2c3ccccc3c3ccccc32)cc1)c1ccc(-n2c3ccccc3c3ccccc32)cc1,6.687108608
CCCCOc1c(/C=C/c2ccc(N(c3ccc(OC)cc3)c3ccc(OC)cc3)cc2)sc(/C=C/c2sc(/C=C/c3ccc(N(c4ccc(OC)cc4)c4ccc(OC)cc4)cc3)c(OCCCC)c2OCCCC)c1OCCCC,8.268731832
CN(C)c1ccc(-c2ccc(C(c3ccc(-c4ccc(N(C)C)cc4)s3)=c3ccc(=C4C=CC(=[N+](C)C)C=C4)s3)s2)cc1,9.93061622
CCn1c2ccccc2c2cc(/C=C/c3ccc(/C=C/c4ccc5c(c4)c4ccccc4n5CC)cc3)ccc21,8.446770727
CCn1c2ccccc2c2cc(/C=C/c3ccc(-c4ccc(/C=C/c5ccc6c(c5)c5ccccc5n6CC)cc4)cc3)ccc21,8.782629655
CCN1c2ccccc2Sc2cc(/C=C/c3ccc(/C=C/c4ccc5c(c4)Sc4ccccc4N5CC)cc3)ccc21,9.071078305
CCN1c2ccccc2Sc2cc(/C=C/c3ccc(-c4ccc(/C=C/c5ccc6c(c5)Sc5ccccc5N6CC)cc4)cc3)ccc21,9.29376198
Cc1cc(C#N)c(/C=C/c2ccc(N(C)C)cc2)cc1C#N,8.623353387
Cc1cc(C#N)c(/C=C/c2ccc(N(c3ccccc3)c3ccccc3)cc2)cc1C#N,8.805375139
CCCCCCC1(CCCCCC)c2cc(-c3nnc(-c4ccc(C(C)(C)C)cc4)o3)ccc2-c2ccc(N(c3ccccc3)c3ccccc3)cc21,5.220355825
CCCCCCC1(CCCCCC)c2cc(-c3nnc(-c4ccc(C(C)(C)C)cc4)o3)ccc2-c2ccc(N(c3ccc4c(c3)C(CCCCCC)(CCCCCC)c3cc(N(c5ccccc5)c5ccccc5)ccc3-4)c3ccc4c(c3)C(CCCCCC)(CCCCCC)c3cc(N(c5ccccc5)c5ccccc5)ccc3-4)cc21,6.396929655
CCCCCCC1(CCCCCC)c2cc(-c3nnc(-c4ccc(C(C)(C)C)cc4)o3)ccc2-c2ccc(N(c3ccc4c(c3)C(CCCCCC)(CCCCCC)c3cc(N(c5ccc6c(c5)C(CCCCCC)(CCCCCC)c5cc(N(c7ccccc7)c7ccccc7)ccc5-6)c5ccc6c(c5)C(CCCCCC)(CCCCCC)c5cc(N(c7ccccc7)c7ccccc7)ccc5-6)ccc3-4)c3ccc4c(c3)C(CCCCCC)(CCCCCC)c3cc(N(c5ccc6c(c5)C(CCCCCC)(CCCCCC)c5cc(N(c7ccccc7)c7ccccc7)ccc5-6)c5ccc6c(c5)C(CCCCCC)(CCCCCC)c5cc(N(c7ccccc7)c7ccccc7)ccc5-6)ccc3-4)cc21,7.090076836
C#Cc1ccc2c(c1)C(CC)(CC)c1cc(C#Cc3ccc(N(c4ccccc4)c4ccccc4)cc3)ccc1-2,4.430816799
C#Cc1ccc2c(c1)C(CC)(CC)c1cc(C#Cc3ccc(N)cc3)ccc1-2,3.871201011
C#Cc1ccc2c(c1)C(CC)(CC)c1cc(C#Cc3ccc(OC)cc3)ccc1-2,2.833213344
C#Cc1ccc2c(c1)C(CC)(CC)c1cc(C#Cc3ccc(C(C)(C)C)cc3)ccc1-2,3.044522438
C#Cc1ccc2c(c1)C(CC)(CC)c1cc(C#Cc3ccc(C)cc3)ccc1-2,2.772588722
C#Cc1ccc2c(c1)C(CC)(CC)c1cc(C#Cc3ccccc3)ccc1-2,3.401197382
C#Cc1ccc2c(c1)C(CC)(CC)c1cc(C#Cc3ccc(F)cc3)ccc1-2,2.708050201
C#Cc1ccc2c(c1)C(CC)(CC)c1cc(C#Cc3ccc(C(F)(F)F)cc3)ccc1-2,1.945910149
C#Cc1ccc2c(c1)C(CC)(CC)c1cc(C#Cc3ccc(C#N)cc3)ccc1-2,3.17805383
C#Cc1ccc2c(c1)C(CC)(CC)c1cc(C#Cc3ccc(-c4nc(C)c(C)s4)cc3)ccc1-2,4.158883083
COc1ccc(/C=C/c2cc(C#N)c(C)cc2C#N)cc1,7.414572881
COc1cc(/C=C/c2cc(C#N)c(C)cc2C#N)cc(OC)c1OC,7.649692624
Cc1cc(C#N)c(/C=C/c2ccc(C#N)cc2)cc1C#N,7.299797367
CCCCCCCCN1c2ccccc2Sc2cc(/C=C/c3cc(C#N)c(C)cc3C#N)ccc21,7.937374696
Clc1cccc(Cl)c1-c1c2nc(cc3ccc([nH]3)c(C#Cc3ccc(N(c4ccccc4)c4ccc(/C=C/c5ccc(N(c6ccccc6)c6ccccc6)cc5)cc4)cc3)c3nc(cc4ccc1[nH]4)C=C3)C=C2,6.907755279
Clc1cccc(Cl)c1-c1c2nc(cc3ccc([nH]3)c(/C=C/c3ccc(N(c4ccccc4)c4ccc(/C=C/c5ccc(N(c6ccccc6)c6ccccc6)cc5)cc4)cc3)c3nc(cc4ccc1[nH]4)C=C3)C=C2,6.684611728
Clc1cccc(Cl)c1-c1c2nc(cc3ccc([nH]3)c(-c3ccc(/C=C/c4ccc(N(c5ccccc5)c5ccccc5)cc4)cc3)c3nc(cc4ccc1[nH]4)C=C3)C=C2,4.49980967
Clc1cccc(Cl)c1-c1c2nc(cc3ccc([nH]3)c(/C=C/c3ccc(/C=C/c4ccc(N(c5ccccc5)c5ccccc5)cc4)cc3)c3nc(cc4ccc1[nH]4)C=C3)C=C2,6.253828812
Clc1cccc(Cl)c1-c1c2nc(cc3ccc([nH]3)c(C#Cc3ccc(/C=C/c4ccc(N(c5ccccc5)c5ccccc5)cc4)cc3)c3nc(cc4ccc1[nH]4)C=C3)C=C2,6.835184586
Clc1cccc(Cl)c1-c1c2nc(cc3ccc([nH]3)c(-c3ccccc3)c3nc(cc4ccc1[nH]4)C=C3)C=C2,2.302585093
C(=C/c1nc2ccccc2s1)\c1ccc(N(c2ccccc2)c2ccccc2)cc1,2.772588722
C(=C/c1nc2ccccc2s1)\c1ccc(N(c2ccccc2)c2ccc(/C=C/c3nc4ccccc4s3)cc2)cc1,5.192956851
C(=C/c1nc2ccccc2s1)\c1ccc(N(c2ccc(/C=C/c3nc4ccccc4s3)cc2)c2ccc(/C=C/c3nc4ccccc4s3)cc2)cc1,5.828945618
COc1cc(N(c2ccc(/C=C/c3nc4ccccc4s3)cc2)c2ccc(/C=C/c3nc4ccccc4s3)cc2)ccc1/C=C/c1nc2ccccc2s1,5.831882477
CCC(=O)CCCOc1cc(N(c2ccc(/C=C/c3nc4ccccc4s3)cc2)c2ccc(/C=C/c3nc4ccccc4s3)cc2)ccc1/C=C/c1nc2ccccc2s1,6.040254711
N#CC(C#N)=Cc1ccc(N(c2ccccc2)c2ccc(C=C(C#N)C#N)cc2)cc1,5.272999559
COC(=O)c1ccc(N(c2ccc(C=C(C#N)C#N)cc2)c2ccc(C=C(C#N)C#N)cc2)cc1,4.912654886
N#CC(C#N)=Cc1ccc(N(c2ccc(C=C(C#N)C#N)cc2)c2ccc(C=C(C#N)C#N)cc2)cc1,5.347107531
COc1cc(N(c2ccc(C=C(C#N)C#N)cc2)c2ccc(C=C(C#N)C#N)cc2)ccc1C=C(C#N)C#N,4.976733742
C(=C/c1ccc(N(c2ccccc2)c2ccc(/C=C/c3ccncc3)cc2)cc1)\c1ccncc1,4.605170186
COC(=O)c1ccc(N(c2ccc(/C=C/c3ccncc3)cc2)c2ccc(/C=C/c3ccncc3)cc2)cc1,3.526360525
C(=C/c1ccc(N(c2ccc(/C=C/c3ccncc3)cc2)c2ccc(/C=C/c3ccncc3)cc2)cc1)\c1ccncc1,4.65396035
Oc1cc(N(c2ccc(/C=C/c3ccncc3)cc2)c2ccc(/C=C/c3ccncc3)cc2)ccc1/C=C/c1ccncc1,4.290459441
COC(=O)c1cc(N(c2ccc(/C=C/c3ccncc3)cc2)c2ccc(/C=C/c3ccncc3)cc2)ccc1/C=C/c1ccncc1,4.584967479
CCCCCCCCCCN(CCCCCCCCCC)c1ccc(C#Cc2c3ccccc3c(C#Cc3ccc(C#N)cc3)c3ccccc23)cc1,5.347107531
CCCCCCCCCCN(CCCCCCCCCC)c1ccc(C#Cc2c3ccccc3c(C#Cc3ccc(C#Cc4ccc(C#N)cc4)cc3)c3ccccc23)cc1,5.913503006
CCCCCCCCCCN(CCCCCCCCCC)c1ccc(C#Cc2c3ccccc3c(C#Cc3ccc(N(CCCCCCCCCC)CCCCCCCCCC)cc3)c3ccccc23)cc1,6.29156914
CCCCCCCCCCN(CCCCCCCCCC)c1ccc(C#Cc2c3ccccc3c(C#CC#Cc3c4ccccc4c(C#Cc4ccc(N(CCCCCCCCCC)CCCCCCCCCC)cc4)c4ccccc34)c3ccccc23)cc1,6.907755279
CCCCCCCCCCN(CCCCCCCCCC)c1ccc(C#Cc2c3ccccc3c(C#Cc3ccc(C#Cc4c5ccccc5c(C#Cc5ccc(N(CCCCCCCCCC)CCCCCCCCCC)cc5)c5ccccc45)cc3)c3ccccc23)cc1,6.579251212
CCCCCCCCCCN(CCCCCCCCCC)c1ccc(C#Cc2c3ccccc3c(C#Cc3ccc(C#Cc4ccc(C#Cc5c6ccccc6c(C#Cc6ccc(N(CCCCCCCCCC)CCCCCCCCCC)cc6)c6ccccc56)cc4)cc3)c3ccccc23)cc1,6.633318433
CCCCCCCCCCN(CCCCCCCCCC)c1ccc(C#Cc2c3ccccc3c(C#Cc3ccc(C#Cc4ccc(C#Cc5ccc(C#Cc6c7ccccc7c(C#Cc7ccc(N(CCCCCCCCCC)CCCCCCCCCC)cc7)c7ccccc67)cc5)cc4)cc3)c3ccccc23)cc1,6.70930434
CCCCCCCCCCN(CCCCCCCCCC)c1ccc(C#Cc2c3ccccc3c(C#Cc3ccc(C#Cc4c(C#N)c(C#Cc5ccc(C#Cc6c7ccccc7c(C#Cc7ccc(N(CCCCCCCCCC)CCCCCCCCCC)cc7)c7ccccc67)cc5)c(C#N)c(C#Cc5ccc(C#Cc6c7ccccc7c(C#Cc7ccc(N(CCCCCCCCCC)CCCCCCCCCC)cc7)c7ccccc67)cc5)c4C#N)cc3)c3ccccc23)cc1,6.733401892
CCN(CC)c1ccc2nc3c4cc(OC)ccc4c(=O)cc-3oc2c1,6.620073207
CCN(CC)c1ccc2nc3c4cc(OCc5ccc(N(c6ccc(/C=C/c7ccc(-c8nnc(-c9ccc(C(C)(C)C)cc9)o8)cc7)cc6)c6ccc(/C=C/c7ccc(-c8nnc(-c9ccc(C(C)(C)C)cc9)o8)cc7)cc6)cc5)ccc4c(=O)cc-3oc2c1,8.809862805
CCN(CC)c1ccc2nc3c4cc(OCCOc5ccc(N(C(=O)OCc6ccc(N(c7ccc(/C=C/c8ccc(-c9nnc(-c%10ccc(C(C)(C)C)cc%10)o9)cc8)cc7)c7ccc(/C=C/c8ccc(-c9nnc(-c%10ccc(C(C)(C)C)cc%10)o9)cc8)cc7)cc6)C(=O)OCc6ccc(N(c7ccc(/C=C/c8ccc(-c9nnc(-c%10ccc(C(C)(C)C)cc%10)o9)cc8)cc7)c7ccc(/C=C/c8ccc(-c9nnc(-c%10ccc(C(C)(C)C)cc%10)o9)cc8)cc7)cc6)cc5)ccc4c(=O)cc-3oc2c1,9.384293679
CCN(CC)c1ccc2nc3c4cc(OCc5cc(COc6cc(C(=O)OCc7ccc(N(c8ccc(/C=C/c9ccc(-c%10nnc(-c%11ccc(C(C)(C)C)cc%11)o%10)cc9)cc8)c8ccc(/C=C/c9ccc(-c%10nnc(-c%11ccc(C(C)(C)C)cc%11)o%10)cc9)cc8)cc7)cc(C(=O)OCc7ccc(N(c8ccc(/C=C/c9ccc(-c%10nnc(-c%11ccc(C(C)(C)C)cc%11)o%10)cc9)cc8)c8ccc(/C=C/c9ccc(-c%10nnc(-c%11ccc(C(C)(C)C)cc%11)o%10)cc9)cc8)cc7)c6)cc(COc6cc(C(=O)OCc7ccc(N(c8ccc(/C=C/c9ccc(-c%10nnc(-c%11ccc(C(C)(C)C)cc%11)o%10)cc9)cc8)c8ccc(/C=C/c9ccc(-c%10nnc(-c%11ccc(C(C)(C)C)cc%11)o%10)cc9)cc8)cc7)cc(C(=O)OCc7ccc(N(c8ccc(/C=C/c9ccc(-c%10nnc(-c%11ccc(C(C)(C)C)cc%11)o%10)cc9)cc8)c8ccc(/C=C/c9ccc(-c%10nnc(-c%11ccc(C(C)(C)C)cc%11)o%10)cc9)cc8)cc7)c6)c5)ccc4c(=O)cc-3oc2c1,10.08996712
CCN(CC)c1ccc2nc3c4cc(OCc5cc(C(=O)Oc6ccc(N(c7ccccc7)c7ccc8c(c7)C(CC)(CC)c7cc(-c9nc%10ccccc%10s9)ccc7-8)cc6)cc(C(=O)Oc6ccc(N(c7ccccc7)c7ccc8c(c7)C(CC)(CC)c7cc(-c9nc%10ccccc%10s9)ccc7-8)cc6)c5)ccc4c(=O)cc-3oc2c1,8.070906089
CCCCCCN(CCCCCC)c1ccc(/C=C/c2ccc(/C=C/c3ccc(N(CCCCCC)CCCCCC)cc3)cc2)cc1,6.721425701
CCCCCCN(CCCCCC)c1ccc(/C=C/c2ccc(/C=C/c3ccc(/C=C/c4ccc(/C=C/c5ccc(N(CCCCCC)CCCCCC)cc5)cc4)cc3)cc2)cc1,7.313220387
CCCCCCN(CCCCCC)c1ccc(/C=C/c2cc3c(/C=C/c4ccc(N(CCCCCC)CCCCCC)cc4)cc2CCc2cc(/C=C/c4ccc(N(CCCCCC)CCCCCC)cc4)c(cc2/C=C/c2ccc(N(CCCCCC)CCCCCC)cc2)CC3)cc1,7.313220387
CCCCCCN(CCCCCC)c1ccc(/C=C/c2ccc(/C=C/c3cc4c(/C=C/c5ccc(/C=C/c6ccc(N(CCCCCC)CCCCCC)cc6)cc5)cc3CCc3cc(/C=C/c5ccc(/C=C/c6ccc(N(CCCCCC)CCCCCC)cc6)cc5)c(cc3/C=C/c3ccc(/C=C/c5ccc(N(CCCCCC)CCCCCC)cc5)cc3)CC4)cc2)cc1,8.131530711
CCCCN(CCCC)c1ccc(/C=C/c2cc(C#N)c(/C=C/c3ccc(N(CCCC)CCCC)cc3)cc2C#N)cc1,7.467371067
CCCCN(CCCC)c1ccc(/C=C(\C#N)c2ccc(/C(C#N)=C/c3ccc(N(CCCC)CCCC)cc3)cc2)cc1,6.791221463
N#C/C(=C\c1ccc(N(c2ccccc2)c2ccccc2)cc1)c1ccc(/C(C#N)=C/c2ccc(N(c3ccccc3)c3ccccc3)cc2)cc1,6.593044534
CCCCN(CCCC)c1ccc(/C=C/c2ccc(/C=C/c3ccc(N(CCCC)CCCC)cc3)cc2)cc1,6.902742737
Cc1cccc(N(c2ccccc2)c2ccc(/C=C/c3ccc(/C=C/c4ccc(N(c5ccccc5)c5cccc(C)c5)cc4)cc3)cc2)c1,6.690842277
N#Cc1cc(/C=C/c2ccc(N(c3ccccc3)c3ccccc3)cc2)c(C#N)cc1/C=C/c1ccc(N(c2ccccc2)c2ccccc2)cc1,7.544332108
CCCCN(CCCC)c1ccc(/C=C/C=C/c2ccc(N(CCCC)CCCC)cc2)cc1,5.438079309
CCCCN(CCCC)c1ccc(/C=C/C=C/C=C/c2ccc(N(CCCC)CCCC)cc2)cc1,5.828945618
CCCCN(CCCC)c1ccc(/C=C/C=C/C=C/C=C/c2ccc(N(CCCC)CCCC)cc2)cc1,6.01615716
CCCCN(CCCC)c1ccc(/C=C/c2ccc(N(CCCC)CCCC)cc2)cc1,4.700480366
CCCCCCN(CCCCCC)c1ccc(/C=C/c2ccc(C#Cc3ccc(-c4ccc(C#Cc5ccc(/C=C/c6ccc(N(CCCCCC)CCCCCC)cc6)cc5)cc4)cc3)cc2)cc1,7.038783541
CCCCCCN(CCCCCC)c1ccc(/C=C/c2ccc(C#Cc3ccc4c(c3)Cc3cc(C#Cc5ccc(/C=C/c6ccc(N(CCCCCC)CCCCCC)cc6)cc5)ccc3-4)cc2)cc1,7.585788822
CCN(CC)c1ccc2c(COC(=O)c3ccc(OC)cc3)cc(=O)oc2c1,0
CCN(CC)c1ccc(/C=C/c2ccc3c(COC(=O)c4ccc(OC)cc4)cc(=O)oc3c2)cc1,0
N#C/C(=C\c1ccc(N(c2ccc(N(c3ccccc3)c3ccccc3)cc2)c2ccc(N(c3ccccc3)c3ccccc3)cc2)cc1)c1ccc(/C(C#N)=C/c2ccc(N(c3ccc(N(c4ccccc4)c4ccccc4)cc3)c3ccc(N(c4ccccc4)c4ccccc4)cc3)cc2)cc1,6.923628628
N#C/C(=C\c1ccc(N(c2ccc(N3c4ccccc4Sc4ccccc43)cc2)c2ccc(N3c4ccccc4Sc4ccccc43)cc2)cc1)c1ccc(/C(C#N)=C/c2ccc(N(c3ccc(N4c5ccccc5Sc5ccccc54)cc3)c3ccc(N4c5ccccc5Sc5ccccc54)cc3)cc2)cc1,7.302496424
N#C/C(=C\c1ccc(N(c2ccc(-n3c4ccccc4c4ccccc43)cc2)c2ccc(-n3c4ccccc4c4ccccc43)cc2)cc1)c1ccc(/C(C#N)=C/c2ccc(N(c3ccc(-n4c5ccccc5c5ccccc54)cc3)c3ccc(-n4c5ccccc5c5ccccc54)cc3)cc2)cc1,6.701960366
CCCCCCN(CCCCCC)c1ccc(C#Cc2ccc(-c3ccc(C#Cc4ccc(N(CCCCCC)CCCCCC)cc4)cc3)cc2)cc1,6.802394763
CCCCCCN(CCCCCC)c1ccc(C#Cc2ccc(C#Cc3ccc(-c4ccc(C#Cc5ccc(C#Cc6ccc(N(CCCCCC)CCCCCC)cc6)cc5)cc4)cc3)cc2)cc1,6.70930434
CCCCCCN(CCCCCC)c1ccc(/C=C/c2ccc(-c3ccc(/C=C/c4ccc(N(CCCCCC)CCCCCC)cc4)cc3)cc2)cc1,6.956545443
CCCCCCCCN(CCCCCCCC)c1ccc(/C=C/c2ccc(C#Cc3ccc(-c4ccc(C#Cc5ccc(/C=C/c6ccc(N(CCCCCCCC)CCCCCCCC)cc6)cc5)cc4)cc3)cc2)cc1,7.029972912
CCCCCCN(CCCCCC)c1ccc(C#Cc2ccc(/C=C/c3ccc(-c4ccc(/C=C/c5ccc(C#Cc6ccc(N(CCCCCC)CCCCCC)cc6)cc5)cc4)cc3)cc2)cc1,7.114769448
CCCCCCCCN(CCCCCCCC)c1ccc(/C=C/c2ccc(/C=C/c3ccc(-c4ccc(/C=C/c5ccc(/C=C/c6ccc(N(CCCCCCCC)CCCCCCCC)cc6)o5)cc4)cc3)o2)cc1,6.721425701
CCCCCCN(CCCCCC)c1ccc(/C=C/c2ccc(/C=C/c3ccc(-c4ccc(/C=C/c5ccc(/C=C/c6ccc(N(CCCCCC)CCCCCC)cc6)s5)cc4)cc3)s2)cc1,8.006367568
CCCCCCCCCC1(CCCCCCCCC)c2cc(C#Cc3ccc(N(CCCCCC)CCCCCC)cc3)ccc2-c2ccc(C#Cc3ccc(N(CCCCCC)CCCCCC)cc3)cc21,7.090076836
CCCCCCCCCC1(CCCCCCCCC)c2cc(/C=C/c3ccc(N(C)C)cc3)ccc2-c2ccc(/C=C/c3ccc(N(C)C)cc3)cc21,4.787491743
CCCCCCCCCC1(CCCCCCCCC)c2cc(/C=C/c3ccc(N)cc3)ccc2-c2ccc(/C=C/c3ccc(N)cc3)cc21,6.01615716
CCCCCCCCCC1(CCCCCCCCC)c2cc(/C=C/c3ccc(N(CCCC)CCCC)cc3)ccc2-c2ccc(/C=C/c3ccc(N(CCCC)CCCC)cc3)cc21,7.13089883
CCCCCCCCCC1(CCCCCCCCC)c2cc(/C=C/c3ccc(N4CCCCC4)s3)ccc2-c2ccc(/C=C/c3ccc(N4CCCCC4)s3)cc21,4.605170186
CCCCCCCCCC1(CCCCCCCCC)c2cc(/C=C/c3ccc(/C=C/c4ccc(N5CCCCC5)s4)s3)ccc2-c2ccc(/C=C/c3ccc(/C=C/c4ccc(N5CCCCC5)s4)s3)cc21,6.745236349
CCCCCCCCCC1(CCCCCCCCC)c2cc(C#Cc3ccc(C#Cc4ccc(N(CCCCCC)CCCCCC)cc4)cc3)ccc2-c2ccc(C#Cc3ccc(C#Cc4ccc(N(CCCCCC)CCCCCC)cc4)cc3)cc21,6.956545443
CCCCCCCCCC1(CCCCCCCCC)c2cc(/C=C/c3ccc(/C=C/c4ccc(N(CCCCCC)CCCCCC)cc4)cc3)ccc2-c2ccc(/C=C/c3ccc(/C=C/c4ccc(N(CCCCCC)CCCCCC)cc4)cc3)cc21,7.677863501
CCCCCCCCCC1(CCCCCCCCC)c2cc(/C=C/c3ccc(/C=C/c4ccc(N(CCCCCC)CCCCCC)cc4)s3)ccc2-c2ccc(/C=C/c3ccc(/C=C/c4ccc(N(CCCCCC)CCCCCC)cc4)s3)cc21,8.612503371
CCCCCCCCCC1(CCCCCCCCC)c2cc(C#Cc3ccc(/C=C/c4ccc(N(CCCCCCCC)CCCCCCCC)cc4)cc3)ccc2-c2ccc(C#Cc3ccc(/C=C/c4ccc(N(CCCCCCCC)CCCCCCCC)cc4)cc3)cc21,7.60090246
CCCCCCCCCC1(CCCCCCCCC)c2cc(/C=C/C=C/c3ccc(N(CCCC)CCCC)cc3)ccc2-c2ccc(/C=C/C=C/c3ccc4c(c3)C(CCCCCCCCC)(CCCCCCCCC)c3cc(/C=C/C=C/c5ccc6c(c5)C(CCCCCCCCC)(CCCCCCCCC)c5cc(/C=C/C=C/c7ccc(N(CCCC)CCCC)cc7)ccc5-6)ccc3-4)cc21,8.14612951
CCCCCCCCCC1(CCCCCCCCC)c2cc(C#Cc3ccc(/C=C/c4ccc(S(=O)OCCCCCCCC)cc4)cc3)ccc2-c2ccc(C#Cc3ccc(/C=C/c4ccc(S(=O)OCCCCCCCC)cc4)cc3)cc21,6.413458957
CCCCCCCCCC1(CCCCCCCCC)c2cc(C#Cc3ccc(S(=O)OCCCCCCCC)cc3)ccc2-c2ccc(C#Cc3ccc(S(=O)OCCCCCCCC)cc3)cc21,3.970291914
CCCCCCCCCC1(CCCCCCCCC)c2cc(C#Cc3ccc(S(=O)OC(F)(F)F)cc3)ccc2-c2ccc(C#Cc3ccc(S(=O)OC(F)(F)F)cc3)cc21,4.418840608
CCCCCCCCCC1(CCCCCCCCC)c2cc(/C=C/c3ccc(/C=C/c4ccc(S(=O)OC)cc4)cc3)ccc2-c2ccc(/C=C/c3ccc(/C=C/c4ccc(S(=O)OC)cc4)cc3)cc21,6.956545443
Cc1nc(C)nc(/C=C/c2ccc(N(C)C)cc2)n1,5.828945618
CN(C)c1ccc(C=Cc2nc(/C=C/c3ccc(N(C)C)cc3)nc(/C=C/c3ccc(N(C)C)cc3)n2)cc1,7.783224016
Cc1nc(C=Cc2ccc(N(C)C)cc2)nc(/C=C/c2ccc(N(C)C)cc2)n1,7.003065459
Cc1nc(/C=C/c2ccc(N3CCCCC3)cc2)nc(/C=C/c2ccc(N3CCCCC3)cc2)n1,7.204149292
C(=C/c1nc(/C=C/c2ccc(N3CCCCC3)cc2)nc(/C=C/c2ccc(N3CCCCC3)cc2)n1)\c1ccc(N2CCCCC2)cc1,7.833203949
Cc1nc(C)nc(/C=C/c2ccc(N3CCCCC3)cc2)n1,5.894402834
COc1ccc(-c2cnc(-c3ccnc(CN(Cc4cccc(F)n4)Cc4cccc(F)n4)c3)o2)cc1,3.433987204
N#Cc1cc(/C=C/c2ccc(N3CCOCCOCCOCCOCC3)cc2)c(C#N)cc1/C=C/c1ccc(N2CCOCCOCCOCCOCC2)cc1,7.696212639
CN(C)c1ccc(/C=C/c2cc(C#N)c(/C=C/c3ccc(N4CCOCCOCCOCCOCC4)cc3)cc2C#N)cc1,7.495541944
CCCC[NH+](CCC)CCCC.CCN(CC)c1ccc2c3c(c(=O)oc2c1)C(/C=C/C=C1\O[B-](F)(F)Oc2c1c(=O)oc1cc(N(CC)CC)ccc21)=[O+][B-](F)(F)O3,7.972466016
CCCC[NH+](CCC)CCCC.CCN(CC)c1ccc2c3c(c(=O)oc2c1)C(/C=C/C=C/C=C1\O[B-](F)(F)Oc2c1c(=O)oc1cc(N(CC)CC)ccc21)=[O+][B-](F)(F)O3,9.082507
CCCC[NH+](CCC)CCCC.CCN(CC)c1ccc2c3c(c(=O)oc2c1)C(/C=C/C=C/C=C/C=C1\O[B-](F)(F)Oc2c1c(=O)oc1cc(N(CC)CC)ccc21)=[O+][B-](F)(F)O3,9.61580548
CCCC[NH+](CCC)CCCC.CCN(CC)c1ccc2c3c(c(=O)oc2c1)C(/C=C/C=C1/C=C(/C=C/C=C2\O[B-](F)(F)Oc4c2c(=O)oc2cc(N(CC)CC)ccc42)CC(C)(C)C1)=[O+][B-](F)(F)O3,9.740968623
CCOc1ccc(N(c2ccc(/C=C/c3ccc(N)cc3)cc2)c2ccc(OCC)cc2)cc1,6.267200549
CCOc1ccc(N(c2ccc(/C=C(\C#N)c3ccc(N)cc3)cc2)c2ccc(OCC)cc2)cc1,5.991464547
Clc1nc(Cl)nc(Nc2ccc(/C=C/c3ccc(N(c4ccccc4)c4ccccc4)cc3)cc2)n1,3.401197382
CCOc1ccc(N(c2ccc(/C=C/c3ccc(Nc4nc(Cl)nc(Cl)n4)cc3)cc2)c2ccc(OCC)cc2)cc1,4.382026635
Clc1nc(Nc2ccc(/C=C/c3ccc(N(c4ccccc4)c4ccccc4)cc3)cc2)nc(Nc2ccc(/C=C/c3ccc(N(c4ccccc4)c4ccccc4)cc3)cc2)n1,5.298317367
CCOc1ccc(N(c2ccc(/C=C/c3ccc(Nc4nc(Cl)nc(Nc5ccc(/C=C/c6ccc(N(c7ccc(OCC)cc7)c7ccc(OCC)cc7)cc6)cc5)n4)cc3)cc2)c2ccc(OCC)cc2)cc1,5.736572297
C(=C/c1ccc(N(c2ccccc2)c2ccccc2)cc1)\c1ccc(Nc2nc(Nc3ccc(/C=C/c4ccc(N(c5ccccc5)c5ccccc5)cc4)cc3)nc(Nc3ccc(/C=C/c4ccc(N(c5ccccc5)c5ccccc5)cc4)cc3)n2)cc1,5.438079309
COC(=O)c1cc2ccc3cc(OC)ccc3c2oc1=O,4.86753445
COC(=O)c1cc2ccc3cc(O)ccc3c2oc1=O,5.598421959
COC(=O)c1cc2ccc3cc(N(C)C)ccc3c2oc1=O,5.857933154
CN(C)c1ccc2c(ccc3cc(C#N)c(=O)oc32)c1,6.173786104
CN(C)/C=C/c1c(C#N)c(/C=C/N(C)C)c(C#N)c(/C=C/N(C)C)c1C#N,5.272999559
N#Cc1c(/C=C/N2CCCCC2)c(C#N)c(/C=C/N2CCCCC2)c(C#N)c1/C=C/N1CCCCC1,5.703782475
CCN(CC)c1ccc(/C=C/c2c(C#N)c(/C=C/c3ccc(N(CC)CC)cc3)c(C#N)c(/C=C/c3ccc(N(CC)CC)cc3)c2C#N)cc1,4.941642423
N#Cc1c(/C=C/c2ccc(N3CCCCC3)cc2)c(C#N)c(/C=C/c2ccc(N3CCCCC3)cc2)c(C#N)c1/C=C/c1ccc(N2CCCCC2)cc1,7.286191715
N#Cc1c(/C=C/c2ccc(N(c3ccccc3)c3ccccc3)cc2)c(C#N)c(/C=C/c2ccc(N(c3ccccc3)c3ccccc3)cc2)c(C#N)c1/C=C/c1ccc(N(c2ccccc2)c2ccccc2)cc1,7.824046011
N#Cc1c(/C=C/c2ccc(/C=C/c3ccc(N(c4ccccc4)c4ccccc4)cc3)cc2)c(C#N)c(/C=C/c2ccc(/C=C/c3ccc(N(c4ccccc4)c4ccccc4)cc3)cc2)c(C#N)c1/C=C/c1ccc(/C=C/c2ccc(N(c3ccccc3)c3ccccc3)cc2)cc1,7.863266724
CCCCc1ccc(-c2nnc(-c3ccc(/C=C/c4ccc(N(c5ccc(/C=C/c6ccc(-c7nnc(-c8ccc(CCCC)cc8)o7)cc6)cc5)c5ccc(/C=C/c6cccc(-c7nnc(-c8ccc(CCCC)cc8)o7)c6)cc5)cc4)cc3)o2)cc1,6.109247583
N#Cc1ccc(/C=C/c2ccc(N(c3ccc(/C=C/c4ccc(C#N)cc4)cc3)c3ccc(/C=C/c4ccc(C#N)cc4)cc3)cc2)cc1,5.438079309
N#CC(C#N)=Cc1ccc(/C=C/c2ccc(N(c3ccc(/C=C/c4ccc(C=C(C#N)C#N)cc4)cc3)c3ccc(/C=C/c4ccc(C=C(C#N)C#N)cc4)cc3)cc2)cc1,7.090076836
CCCCc1ccc(-c2nnc(-c3ccc(/C=C/c4ccc(/C=C/c5ccc(N(c6ccc(/C=C/c7ccc(/C=C/c8ccc(-c9nnc(-c%10ccc(CCCC)cc%10)o9)cc8)cc7)cc6)c6ccc(/C=C/c7ccc(/C=C/c8cccc(-c9nnc(-c%10ccc(CCCC)cc%10)o9)c8)cc7)cc6)cc5)cc4)cc3)o2)cc1,6.877296071
N#Cc1ccc(/C=C/c2ccc(/C=C/c3ccc(N(c4ccc(/C=C/c5ccc(/C=C/c6ccc(C#N)cc6)cc5)cc4)c4ccc(/C=C/c5ccc(/C=C/c6cccc(C#N)c6)cc5)cc4)cc3)cc2)cc1,6.768493212
N#C/C(=C\c1ccc(/C=C/c2ccc(N(c3ccc(/C=C/c4ccc(/C=C(\C#N)c5ccc(C#N)cc5)cc4)cc3)c3ccc(/C=C/c4ccc(/C=C(\C#N)c5cccc(C#N)c5)cc4)cc3)cc2)cc1)c1ccc(C#N)cc1,6.606650186
N#C/C(=C\c1ccc(/C=C/c2ccc(N(c3ccc(/C=C/c4ccc(/C=C(\C#N)c5ccc(-c6ccccc6)cc5)cc4)cc3)c3ccc(/C=C/c4ccc(/C=C(\C#N)c5cccc(-c6ccccc6)c5)cc4)cc3)cc2)cc1)c1ccc(-c2ccccc2)cc1,7.244227516
C(=C/c1ccc(/C=C/c2ccc(N(c3ccc(/C=C/c4ccc(/C=C/c5ccncc5)cc4)cc3)c3ccc(/C=C/c4ccc(/C=C/c5ccncc5)cc4)cc3)cc2)cc1)\c1ccncc1,7.43838353
C(#Cc1ccc(N(c2ccc(C#Cc3ccncc3)cc2)c2ccc(C#Cc3ccncc3)cc2)cc1)c1ccncc1,5.940171253
C(#Cc1ccc(C#Cc2ccc(N(c3ccc(C#Cc4ccc(C#Cc5ccncc5)cc4)cc3)c3ccc(C#Cc4ccc(C#Cc5ccncc5)cc4)cc3)cc2)cc1)c1ccncc1,7.170119543
CCCCN(CCCC)c1ccc(/C=C/c2cc(OC)c(/C=C/c3ccc(N(CCCC)CCCC)cc3)cc2OC)cc1,6.802394763
CCCCCCCCCCCCOc1cc(/C=C/c2cc(OC)c(C=C(C#N)C#N)cc2OC)c(OCCCCCCCCCCCC)cc1/C=C/c1cc(OC)c(C=C(C#N)C#N)cc1OC,6.173786104
CCCCCCCCCCCCOc1cc(/C=C/c2cc(OC)c(C=C3C(=O)N(CC)C(=S)N(CC)C3=O)cc2OC)c(OCCCCCCCCCCCC)cc1/C=C/c1cc(OC)c(C=C2C(=O)N(CC)C(=S)N(CC)C2=O)cc1OC,7.467371067
CCCCCCCCCCCCOc1cc(/C=C/c2cc(OC)c(/C=C3/C(=C(C#N)C#N)c4ccccc4S3(=O)=O)cc2OC)c(OCCCCCCCCCCCC)cc1/C=C/c1cc(OC)c(/C=C2/C(=C(C#N)C#N)c3ccccc3S2(=O)=O)cc1OC,8.38935982
CCCCN(CCCC)c1ccc(/C=C/C=C/c2cc(OC)c(/C=C/C=C/c3ccc(N(CCCC)CCCC)cc3)cc2OC)cc1,7.13089883
Brc1cc(/C=C/c2ccc(N(c3ccccc3)c3ccccc3)cc2)c(Br)cc1/C=C/c1ccc(N(c2ccccc2)c2ccccc2)cc1,6.109247583
CCCCCCC1(CCCCCC)c2ccccc2-c2ccc(-c3ccc4c(c3)C(CCCCCC)(CCCCCC)c3cc(-c5ccc6c(c5)C(CCCCCC)(CCCCCC)c5cc(-c7ccc8c(c7)C(CCCCCC)(CCCCCC)c7ccccc7-8)ccc5-6)ccc3-4)cc21,6.396929655
Nc1c([N+](=O)[O-])c(N)c([N+](=O)[O-])c(N)c1[N+](=O)[O-],4.304065093
CN(C)c1ccc(C#Cc2c(C#N)c(C#Cc3ccc(N(C)C)cc3)c(C#N)c(C#Cc3ccc(N(C)C)cc3)c2C#N)cc1,6.368187186
CCCCCCN(CCCCCC)c1ccc(/C=C/c2c(C#N)c(/C=C/c3ccc(N(CCCCCC)CCCCCC)cc3)c(C#N)c(/C=C/c3ccc(N(CCCCCC)CCCCCC)cc3)c2C#N)cc1,8.075582637
CCCCCCN(CCCCCC)c1ccc(/C=C/c2c(C#N)c(/C=C/c3ccc(N(C)CCO)cc3)c(C#N)c(/C=C/c3ccc(N(C)CCO)cc3)c2C#N)cc1,8.009695358
CCCCCCN(CCCCCC)c1ccc(/C=C/c2c(C#N)c(/C=C/c3ccc(N(c4ccccc4)c4ccccc4)cc3)c(C#N)c(/C=C/c3ccc(N(c4ccccc4)c4ccccc4)cc3)c2C#N)cc1,8.593227878
CCCCN(CCCC)c1ccc(/C=C/c2ccc3c(c2)CCc2cc(/C=C/c4ccc(N(CCCC)CCCC)cc4)ccc2-3)cc1,7.038783541
CS(=O)(=O)c1ccc(/C=C/c2ccc3c(c2)CCc2cc(/C=C/c4ccc(S(C)(=O)=O)cc4)ccc2-3)cc1,5.010635294
O=Cc1ccc(/C=C/c2ccc3c(c2)CCc2cc(/C=C/c4ccc(C=O)cc4)ccc2-3)cc1,5.828945618
FC(F)(F)c1ccc(/C=C/c2cc3sc4cc(/C=C/c5ccc(C(F)(F)F)cc5)sc4c3s2)cc1,4.605170186
CCCCN(CCCC)c1ccc(/C=C/c2cc3sc4cc(/C=C/c5ccc(N(CCCC)CCCC)cc5)sc4c3s2)cc1,6.063785209
Nc1ccc(/N=N/c2ccc([N+](=O)[O-])cc2)cc1,4.787491743
CN(C)c1ccc(/N=N/c2ccc(C#N)cc2)cc1,4.317488114
CN(C)c1ccc(/N=N/c2ccc([N+](=O)[O-])cc2)cc1,5.164785974
CN(C)c1ccc(/C=N/c2ccc([N+](=O)[O-])cc2)cc1,4.317488114
CN(C)c1ccc(/N=C/c2ccc([N+](=O)[O-])cc2)cc1,4.905274778
CN(C)c1ccc(/C=C/c2ccc([N+](=O)[O-])cc2)cc1,5.247024072
O=Cc1ccc(/C=C/c2nc3ccccc3s2)cc1,3.17805383
O=Cc1ccc(/C=C/c2nc3ccccc3o2)cc1,3.951243719
O=Cc1ccc(/C=C/c2nc3ccccc3[nH]2)cc1,5.192956851
CCCCCCN(CCCCCC)c1ccc(/C=C/c2ccc(-c3cc(-c4ccc(/C=C/c5ccc(N(CCCCCC)CCCCCC)cc5)cc4)cc(-c4ccc(/C=C/c5ccc(N(CCCCCC)CCCCCC)cc5)cc4)c3)cc2)cc1,6.008813185
CCCCCCN(CCCCCC)c1ccc(/C=C/c2ccc(-c3cc(-c4ccc(/C=C/c5ccc(-c6cc(-c7ccc(/C=C/c8ccc(-c9cc(-c%10ccc(/C=C/c%11ccc(N(CCCCCC)CCCCCC)cc%11)cc%10)cc(-c%10ccc(/C=C/c%11ccc(N(CCCCCC)CCCCCC)cc%11)cc%10)c9)cc8)cc7)cc(-c7ccc(/C=C/c8ccc(-c9cc(-c%10ccc(/C=C/c%11ccc(N(CCCCCC)CCCCCC)cc%11)cc%10)cc(-c%10ccc(/C=C/c%11ccc(N(CCCCCC)CCCCCC)cc%11)cc%10)c9)cc8)cc7)c6)cc5)cc4)cc(-c4ccc(/C=C/c5ccc(N(CCCCCC)CCCCCC)cc5)cc4)c3)cc2)cc1,6.682108597
COc1ccc(N(c2ccccc2)c2ccc(/C=C/c3cc(C#N)c(/C=C/c4ccc(N(c5ccccc5)c5ccc(OC)cc5)cc4)cc3C#N)cc2)cc1,7.207859871
COc1ccc(N(c2ccc(/C=C/c3cc(C#N)c(/C=C/c4ccc(N(c5ccc(OC)cc5)c5ccc(OC)cc5)cc4)cc3C#N)cc2)c2ccc(OC)cc2)cc1,7.718685495
N#Cc1cc(/C=C/c2ccc(N(c3ccccc3)c3ccc(/C=C/c4cc(C#N)c(/C=C/c5ccc(N(c6ccccc6)c6ccccc6)cc5)cc4C#N)cc3)cc2)c(C#N)cc1/C=C/c1ccc(N(c2ccccc2)c2ccccc2)cc1,8.006367568
N#Cc1cc(/C=C/c2ccc(N(c3ccc(/C=C/c4cc(C#N)c(/C=C/c5ccc(N(c6ccccc6)c6ccccc6)cc5)cc4C#N)cc3)c3ccc(/C=C/c4cc(C#N)c(/C=C/c5ccc(N(c6ccccc6)c6ccccc6)cc5)cc4C#N)cc3)cc2)c(C#N)cc1/C=C/c1ccc(N(c2ccccc2)c2ccccc2)cc1,8.517193191
CCN(CC)c1ccc(/C=C/c2cc(/C=C/c3ccc(N(CC)CC)cc3)c(/C=C/c3ccc(N(CC)CC)cc3)cc2/C=C/c2ccc(N(CC)CC)cc2)cc1,6.697034248
CCCCN(CCCC)c1ccc(/C=C/c2cc(/C=C/c3ccc(N(CCCC)CCCC)cc3)c(/C=C/c3ccc(N(CCCC)CCCC)cc3)cc2/C=C/c2ccc(N(CCCC)CCCC)cc2)cc1,6.937314081
CCCCCOc1cc(/C=C/c2ccc(-c3nc4ccccc4s3)cc2)c(OCCCCC)cc1/C=C/c1ccc(-c2nc3ccccc3s2)cc1,6.255750042
CCCCCCOc1ccc(-c2nnc(-c3ccc(/C=C/c4cc(OCCCCC)c(C(C)=O)cc4OCCCCC)cc3)o2)cc1,2.564949357
CCCCCOc1cc(/C=C/c2ccc(-c3nc4ccccc4s3)cc2)c(OCCCCC)cc1C=O,3.258096538
CCCCCCOc1ccc(-c2nnc(-c3ccc(/C=C/c4cc(OCCCCC)c(/C=C/c5ccc(-c6nnc(-c7ccc(OCCCCCC)cc7)o6)cc5)cc4OCCCCC)cc3)o2)cc1,6.133398043
CC(C)(C)c1ccc(-c2nnc(-c3ccc(N(c4ccccc4)c4ccccc4)cc3)o2)cc1,4.588634217
CC(C)(C)c1ccc(-c2nnc(-c3ccc(N(c4ccccc4)c4cccc5ccccc45)cc3)o2)cc1,4.646312129
CC(C)(C)c1ccc(-c2nnc(-c3ccc(N(c4ccccc4)c4cc5cccc6c5c5c(cccc45)CC6)cc3)o2)cc1,4.905274778
CCn1c2cc(N(c3ccccc3)c3ccc(-c4nnc(-c5ccc(C(C)(C)C)cc5)o4)cc3)ccc2c2ccc(N(c3ccccc3)c3ccc(-c4nnc(-c5ccc(C(C)(C)C)cc5)o4)cc3)cc21,6.355412975
N#C/C(=C\c1ccc(/C=C(\C#N)c2ccc(N(c3ccccc3)c3ccccc3)cc2)cc1)c1ccc(N(c2ccccc2)c2ccccc2)cc1,5.538514672
N#C/C(=C\c1ccc(/C=C(\C#N)c2ccc(N(c3ccccc3)c3ccc4ccccc4c3)cc2)cc1)c1ccc(N(c2ccccc2)c2ccc3ccccc3c2)cc1,6.293049525
N#C/C(=C\c1ccc(/C=C(\C#N)c2ccc(N(c3ccccc3)c3cc4cccc5ccc6cccc3c6c54)cc2)cc1)c1ccc(N(c2ccccc2)c2cc3cccc4ccc5cccc2c5c43)cc1,7.073269717
c1ccc(N(c2ccccc2)c2ccc(-c3ccc(-c4nnc(-c5ccc(-c6ccc(N(c7ccccc7)c7ccccc7)cc6)s5)o4)s3)cc2)cc1,7.237059026
C(#Cc1ccc(-c2nnc(-c3ccc(C#Cc4ccc(N(c5ccccc5)c5ccccc5)cc4)s3)o2)s1)c1ccc(N(c2ccccc2)c2ccccc2)cc1,6.904550148
c1ccc(N(c2ccccc2)c2ccc(-c3ccc(-c4ccc(-c5ccc(-c6ccc(N(c7ccccc7)c7ccccc7)cc6)s5)nn4)s3)cc2)cc1,7.273786318
CCCCCCOCc1ccc(-c2nnc(-c3ccc(N(c4ccccc4)c4ccccc4)cc3)o2)cc1,4.94875989
CCCCCCOCc1ccc(-c2nnc(-c3ccc(N(c4ccccc4)c4cccc5ccccc45)cc3)o2)cc1,4.96284463
CCC1(CC)c2cc(/C=C/c3ccc(-c4nc5ccccc5s4)cc3)ccc2-c2ccc(N(c3ccccc3)c3ccccc3)cc21,6.263398263
CCCCN(CCCC)c1ccc(C#Cc2cc(C#Cc3ccc(N(CCCC)CCCC)cc3)c(C#Cc3ccc(N(CCCC)CCCC)cc3)cc2C#Cc2ccc(N(CCCC)CCCC)cc2)cc1,6.29156914
CN(C)c1ccc(/C=C/c2cc(/C=C/c3ccc(N(C)C)cc3)nc(N)n2)cc1,6.098074282
CCN(CC)c1ccc(/C=C/c2cc(/C=C/c3ccc(N(CC)CC)cc3)nc(N)n2)cc1,6.380122537
Nc1nc(/C=C/c2ccc(N(c3ccccc3)c3ccccc3)cc2)cc(/C=C/c2ccc(N(c3ccccc3)c3ccccc3)cc2)n1,6.697034248
CCCCCCN(CCCCCC)c1ccc(C#Cc2ccc(C#N)cc2)cc1,6.522092798
N#Cc1ccc(C#Cc2ccc(N(CCO)CCO)cc2)cc1,6.507277712
CCCCCCN(CCCCCC)c1ccc(/C=C/c2cc(C)nc(OCCCC(=O)OCC)n2)cc1,4.094344562
CCOC(=O)CCCOc1nc(/C=C/c2ccc(N(C)C)cc2)cc(/C=C/c2ccc(N(C)C)cc2)n1,5.135798437
CCCCCCN(CCCCCC)c1ccc(/C=C/c2cc(/C=C/c3ccc(N(CCCCCC)CCCCCC)cc3)nc(OCCCC(=O)OCC)n2)cc1,5.899897354
CCOC(=O)CCCOc1nc(/C=C/c2ccc(N(c3ccccc3)c3ccccc3)cc2)cc(/C=C/c2ccc(N(c3ccccc3)c3ccccc3)cc2)n1,6.152732695
CCn1c2ccccc2c2cc(/C=C/c3nc(C)nc(/C=C/c4ccc5c(c4)c4ccccc4n5CC)n3)ccc21,5.983936281
CCn1c2ccccc2c2cc(/C=C/c3nc(/C=C/c4ccc5c(c4)c4ccccc4n5CC)nc(/C=C/c4ccc5c(c4)c4ccccc4n5CC)n3)ccc21,6.901737207
CCCCN(CCCC)c1ccc(/C=C/C=C/c2ccc(N(C)C)cc2)cc1,5.521460918
CCCCN(CCCC)c1ccc(/C=C/C=C/C=C/c2ccc(N(C)C)cc2)cc1,5.438079309
CCCCN(CCCC)c1ccc(/C=C/C=C/C=C/C=C/c2ccc(N(C)C)cc2)cc1,5.991464547
CCCCN(CCCC)c1ccc(/C=C/C=C/C=C/C=C/C=C/c2ccc(N(C)C)cc2)cc1,7.170119543
CCCCCCCCCCCCCOc1cc(/C=C/c2cc(OC)c(/C=C/c3ccc(N(CCCC)CCCC)cc3)cc2OC)c(OCCCCCCCCCCCCC)cc1/C=C/c1cc(OC)c(/C=C/c2ccc(N(CCCC)CCCC)cc2)cc1OC,7.279318835
CCCCCCCCCCCCCOc1cc(/C=C/c2cccc(N(c3ccccc3)c3cccc(C)c3)c2)c(OCCCCCCCCCCCCC)cc1/C=C/c1ccc(N(c2ccccc2)c2cccc(C)c2)cc1,6.802394763
Cc1cccc(N(c2ccccc2)c2ccc(/C=C/c3ccc(/C=C/c4cccc(N(c5ccccc5)c5cccc(C)c5)c4)cc3)cc2)c1,6.684611728
C(=C/c1cccc(N(c2ccccc2)c2ccccc2)c1)\c1ccc(N(c2ccccc2)c2ccccc2)cc1,5.272999559
COc1cc(/C=C/c2ccc([N+](=O)[O-])cc2)c(OCCCCCCCCCCCS)cc1/C=C/c1ccc([N+](=O)[O-])cc1,5.093750201
CCCCCCN(CCCCCC)c1ccc(C#Cc2ccc(N(c3ccc(C#Cc4ccc(N(CCCCCC)CCCCCC)cc4)cc3)c3ccc(C#Cc4ccc(N(CCCCCC)CCCCCC)cc4)cc3)cc2)cc1,3.401197382
CCCCCCCCCCS(=O)(=O)c1ccc(C#Cc2ccc(N(c3ccc(C#Cc4ccc(S(=O)(=O)CCCCCCCCCC)cc4)cc3)c3ccc(C#Cc4ccc(S(=O)(=O)CCCCCCCCCC)cc4)cc3)cc2)cc1,5.075173815
O=S(=O)(c1ccc(C#Cc2ccc(N(c3ccc(C#Cc4ccc(S(=O)(=O)C(F)(F)F)cc4)cc3)c3ccc(C#Cc4ccc(S(=O)(=O)C(F)(F)F)cc4)cc3)cc2)cc1)C(F)(F)F,6.204557763
CCCCCCCCCCS(=O)(=O)c1ccc(/C=C/c2ccc(C#Cc3ccc(N(c4ccc(C#Cc5ccc(/C=C/c6ccc(S(=O)(=O)CCCCCCCCCC)cc6)cc5)cc4)c4ccc(C#Cc5ccc(/C=C/c6ccc(S(=O)(=O)CCCCCCCCCC)cc6)cc5)cc4)cc3)cc2)cc1,6.98471632
CCS(=O)(=O)c1ccc(/C=C/c2ccc(N(c3ccccc3)c3ccccc3)cc2)cc1,3.610917913
C(=C/c1ccc(N(c2ccccc2)c2ccccc2)cc1)\c1ccc(-c2nc3ccccc3s2)cc1,4.624972813
CC(C)(C)c1ccc(-c2nnc(-c3ccc(/C=C/c4ccc(N(c5ccccc5)c5ccccc5)cc4)cc3)s2)cc1,3.988984047
C(=C/c1ccc(-c2nc3ccccc3s2)cc1)\c1ccccc1,2.833213344
C(=C/c1ccc(N(c2ccccc2)c2ccccc2)cc1)\c1ccccc1,3.295836866
CC(C)(C)Sc1ccc(/C=C/c2ccc(-c3cnc4c(ccc5cc(-c6ccc(/C=C/c7ccc(SC(C)(C)C)cc7)cc6)cnc54)c3)cc2)cc1,5.105945474
CCCCCCN(CCCCCC)c1ccc(/C=C/c2ccc(-c3cnc4c(ccc5cc(-c6ccc(/C=C/c7ccc(N(CCCCCC)CCCCCC)cc7)cc6)cnc54)c3)cc2)cc1,5.993961427
CCCCCCOc1ccc(/C=C/c2ccc(-c3cnc4c(ccc5cc(-c6ccc(/C=C/c7ccc(OCCCCCC)c(OCCCCCC)c7)cc6)cnc54)c3)cc2)cc1OCCCCCC,5.075173815
CCC1(CC)c2cc(/C=C/c3ccc([N+](=O)[O-])cc3)ccc2-c2ccc(N(c3ccccc3)c3ccccc3)cc21,7.170119543
CCC1(CC)c2cc(C=Cc3ccc([N+](=O)[O-])cc3)ccc2-c2c(/C=C/c3ccc([N+](=O)[O-])cc3)cc(/C=C/c3ccc([N+](=O)[O-])cc3)cc21,7.696212639
CCC1(CC)c2cc(C=Cc3ccc(N(c4ccccc4)c4ccccc4)cc3)ccc2-c2c(/C=C/c3ccc(N(c4ccccc4)c4ccccc4)cc3)cc(/C=C/c3ccc(N(c4ccccc4)c4ccccc4)cc3)cc21,8.188689124
CCCCN(CCCC)c1ccc(/C=C/c2cc(C#N)c(/C=C/c3ccc(/C=C/c4cc(C#N)c(/C=C/c5ccc(N(CCCC)CCCC)cc5)cc4C#N)cc3)cc2C#N)cc1,8.070906089
CCCCCCCCCCCCOc1cc(/C=C/c2cc(C#N)c(/C=C/c3ccc(N(CCCC)CCCC)cc3)cc2C#N)c(OCCCCCCCCCCCC)cc1/C=C/c1cc(C#N)c(/C=C/c2ccc(N(CCCC)CCCC)cc2)cc1C#N,8.318742253
CCCCN(CCCC)c1ccc(/C=C/c2cc(OC)c(/C=C/c3cc(C#N)c(/C=C/c4cc(OC)c(/C=C/c5ccc(N(CCCC)CCCC)cc5)cc4OC)cc3C#N)cc2OC)cc1,8.496990484
COc1cc(/C=C/c2ccc(N(c3ccccc3)c3ccccc3)cc2)c(OC)cc1/C=C/c1ccc(N(c2ccccc2)c2ccccc2)cc1,6.897704943
O=Cc1ccc(N(c2ccccc2)c2ccccc2)cc1,4.077537444
O=Cc1ccc(/C=C/c2ccc(N(c3ccccc3)c3ccccc3)cc2)cc1,4.382026635
O=Cc1ccc(/C=C/c2ccc(/C=C/c3ccc(N(c4ccccc4)c4ccccc4)cc3)cc2)cc1,6.863803391
O=Cc1ccc(/C=C/c2ccc(/C=C/c3ccc(/C=C/c4ccc(N(c5ccccc5)c5ccccc5)cc4)cc3)cc2)cc1,7.643482907
O=Cc1ccc(/C=C/c2ccc(/C=C/c3ccc(/C=C/c4ccc(/C=C/c5ccc(N(c6ccccc6)c6ccccc6)cc5)cc4)cc3)cc2)cc1,8.133587418
Cc1cc(C)c(B(c2ccc(N(C)C)cc2)c2c(C)cc(C)cc2C)c(C)c1,5.298317367
Cc1cc(C)c(B(c2ccc(C#Cc3ccc(N(C)C)cc3)cc2)c2c(C)cc(C)cc2C)c(C)c1,5.940171253
CCCCn1c2ccc(C#Cc3ccc(B(c4c(C)cc(C)cc4C)c4c(C)cc(C)cc4C)cc3)cc2c2cc(C#Cc3ccc(B(c4c(C)cc(C)cc4C)c4c(C)cc(C)cc4C)cc3)ccc21,5.501258211
Cc1cc(C)c(B(c2ccc(C#Cc3ccc(N(c4ccc(C#Cc5ccc(B(c6c(C)cc(C)cc6C)c6c(C)cc(C)cc6C)cc5)cc4)c4ccc(C#Cc5ccc(B(c6c(C)cc(C)cc6C)c6c(C)cc(C)cc6C)cc5)cc4)cc3)cc2)c2c(C)cc(C)cc2C)c(C)c1,4.787491743
Cc1cc(C)c(B(/C=C/c2ccc(N(c3ccccc3)c3ccccc3)cc2)c2c(C)cc(C)cc2C)c(C)c1,5.323009979
CCCCn1c2ccc(/C=C/B(c3c(C)cc(C)cc3C)c3c(C)cc(C)cc3C)cc2c2cc(/C=C/B(c3c(C)cc(C)cc3C)c3c(C)cc(C)cc3C)ccc21,4.127134385
Cc1cc(C)c(B(/C=C/c2ccc(N(c3ccc(/C=C/B(c4c(C)cc(C)cc4C)c4c(C)cc(C)cc4C)cc3)c3ccc(/C=C/B(c4c(C)cc(C)cc4C)c4c(C)cc(C)cc4C)cc3)cc2)c2c(C)cc(C)cc2C)c(C)c1,5.768320996
COc1ccc(/C=C/c2cc(/C=C/c3ccc(OC)cc3)nc(SC)n2)cc1,2.995732274
CSc1nc(/C=C/c2c3ccccc3cc3ccccc23)cc(/C=C/c2c3ccccc3cc3ccccc23)n1,3.044522438
CCN(CC)c1ccc(/C=C/c2cc(/C=C/c3ccc(N(CC)CC)cc3)nc(SC)n2)cc1,6.803505258
CCN(CC)c1ccc(/C=C/c2cc(C)nc(SC)n2)cc1,4.644390899
CCN(CC)c1ccc(/C=C/c2cc(/C=C/c3ccc(N(CC)CC)cc3)nc(SCCSc3nc(/C=C/c4ccc(N(CC)CC)cc4)cc(/C=C/c4ccc(N(CC)CC)cc4)n3)n2)cc1,7.803843304
c1ccc(N(c2ccccc2)c2ccc(-c3ccc(-c4nc(-c5ccc(-c6ccc(N(c7ccccc7)c7ccccc7)cc6)s5)nc(-c5ccc(-c6ccc(N(c7ccccc7)c7ccccc7)cc6)s5)n4)s3)cc2)cc1,7.114769448
CCCCCC(CC)Cn1c2ccccc2c2ccc(-c3ccc(-c4nc(-c5ccc(-c6ccc7c8ccccc8n(CC(CC)CCCCC)c7c6)s5)nc(-c5ccc(-c6ccc7c8ccccc8n(CC(CC)CCCCC)c7c6)s5)n4)s3)cc21,6.551080335
C(#Cc1ccc(-c2nc(-c3ccc(C#Cc4ccc(N(c5ccccc5)c5ccccc5)cc4)s3)nc(-c3ccc(C#Cc4ccc(N(c5ccccc5)c5ccccc5)cc4)s3)n2)s1)c1ccc(N(c2ccccc2)c2ccccc2)cc1,7.313220387
CCCCCCC1(CCCCC)c2ccccc2-c2ccc(C#Cc3ccc(-c4nc(-c5ccc(C#Cc6ccc7c(c6)C(CCCCC)(CCCCCC)c6ccccc6-7)s5)nc(-c5ccc(C#Cc6ccc7c(c6)C(CCCCC)(CCCCCC)c6ccccc6-7)s5)n4)s3)cc21,6.802394763
CCCCCCC1(CCCCCC)c2ccccc2-c2ccc(-c3ccc(-c4nc(-c5ccc(-c6ccc7c(c6)C(CCCCCC)(CCCCCC)c6ccccc6-7)s5)nc(-c5ccc(-c6ccc7c(c6)C(CCCCCC)(CCCCCC)c6ccccc6-7)s5)n4)s3)cc21,6.721425701
FC(F)(F)c1ccc(/C=C/c2cc3c(s2)c2sc(/C=C/c4ccc(N(c5ccccc5)c5ccccc5)cc4)cc2p3-c2ccccc2)cc1,5.814130532
COCCOCCOCn1c(/C=N/N(C)C)ccc1C1=C([O-])/C(=C2\C=CC(/C=N/N(C)C)=[N+]2COCCOCCOC)C1=O,9.998797732
COCCOCCOCn1c(/C=C/c2ccnc3ccccc23)ccc1C1=C([O-])/C(=C2\C=CC(/C=C/c3ccnc4ccccc34)=[N+]2COCCOCCOC)C1=O,11.23848862
C(#Cc1ccc2ncsc2c1)c1ccc(N(c2ccccc2)c2ccccc2)cc1,3.912023005
O=Cc1nc2ccc(C#Cc3ccc(N(c4ccccc4)c4ccccc4)cc3)cc2s1,6.684611728
N#CC(C#N)=Cc1nc2ccc(C#Cc3ccc(N(c4ccccc4)c4ccccc4)cc3)cc2s1,5.521460918
C(#Cc1nc2ccccc2s1)c1ccc(N(c2ccccc2)c2ccccc2)cc1,3.912023005
O=Cc1ccc2nc(C#Cc3ccc(N(c4ccccc4)c4ccccc4)cc3)sc2c1,6.131226489
N#CC(C#N)=Cc1ccc2nc(C#Cc3ccc(N(c4ccccc4)c4ccccc4)cc3)sc2c1,6.65929392
C(#Cc1ccc2ncsc2c1)c1ccc(N(c2ccc(C#Cc3ccc4ncsc4c3)cc2)c2ccc(C#Cc3ccc4ncsc4c3)cc2)cc1,6.345636361
O=Cc1nc2ccc(C#Cc3ccc(N(c4ccc(C#Cc5ccc6nc(C=O)sc6c5)cc4)c4ccc(C#Cc5ccc6nc(C=O)sc6c5)cc4)cc3)cc2s1,7.377758908
N#CC(C#N)=Cc1nc2ccc(C#Cc3ccc(N(c4ccc(C#Cc5ccc6nc(C=C(C#N)C#N)sc6c5)cc4)c4ccc(C#Cc5ccc6nc(C=C(C#N)C#N)sc6c5)cc4)cc3)cc2s1,6.82437367
C(#Cc1nc2ccccc2s1)c1ccc(N(c2ccc(C#Cc3nc4ccccc4s3)cc2)c2ccc(C#Cc3nc4ccccc4s3)cc2)cc1,6.65929392
O=Cc1ccc2nc(C#Cc3ccc(N(c4ccc(C#Cc5nc6ccc(C=O)cc6s5)cc4)c4ccc(C#Cc5nc6ccc(C=O)cc6s5)cc4)cc3)sc2c1,6.29156914
N#CC(C#N)=Cc1ccc2nc(C#Cc3ccc(N(c4ccc(C#Cc5nc6ccc(C=C(C#N)C#N)cc6s5)cc4)c4ccc(C#Cc5nc6ccc(C=C(C#N)C#N)cc6s5)cc4)cc3)sc2c1,7.740664402
CCC1(CC)c2cc(/C=C/c3ccc(/C=C/c4ccc(N(c5ccccc5)c5ccccc5)cc4)n3-c3ccc(-c4ccccc4)cc3)ccc2-c2ccc(/C=C/c3ccc(/C=C/c4ccc(N(c5ccccc5)c5ccccc5)cc4)n3-c3ccc(-c4ccccc4)cc3)cc21,7.265429723
COc1cc(/C=C/c2ccc(/C=C/c3ccc(N(c4ccccc4)c4ccccc4)cc3)n2-c2ccc(-c3ccccc3)cc2)c(OC)cc1/C=C/c1ccc(/C=C/c2ccc(N(c3ccccc3)c3ccccc3)cc2)n1-c1ccc(-c2ccccc2)cc1,7.296413269
COc1cc(/C=C/c2ccc(/C=C/c3ccc(N(c4ccccc4)c4ccccc4)cc3)n2-c2ccc(-c3ccc(N(c4ccccc4)c4ccccc4)cc3)cc2)c(OC)cc1/C=C/c1ccc(/C=C/c2ccc(N(c3ccccc3)c3ccccc3)cc2)n1-c1ccc(-c2ccc(N(c3ccccc3)c3ccccc3)cc2)cc1,7.458762692
CCC1(CC)c2cc(/C=C/c3ccc(/C=C/c4ccc(N(c5ccccc5)c5ccccc5)cc4)n3-c3ccc(-c4ccc(N(c5ccccc5)c5ccccc5)cc4)cc3)ccc2-c2ccc(/C=C/c3ccc(/C=C/c4ccc(N(c5ccccc5)c5ccccc5)cc4)n3-c3ccc(-c4ccc(N(c5ccccc5)c5ccccc5)cc4)cc3)cc21,7.185387016
CCCCCCCCCCCCn1c2ccc(C=C(C#N)C#N)cc2c2c1c1c3cc(C=C(C#N)C#N)ccc3n(CCCCCCCCCCCC)c1c1c3cc(C=C(C#N)C#N)ccc3n(CCCCCCCCCCCC)c21,6.086774727
CCCCCCCCCCCCn1c2ccc(/C=C/c3nc4ccccc4s3)cc2c2c1c1c3cc(/C=C/c4nc5ccccc5s4)ccc3n(CCCCCCCCCCCC)c1c1c3cc(/C=C/c4nc5ccccc5s4)ccc3n(CCCCCCCCCCCC)c21,6.620073207
CCCCCCCCCCCCn1c2ccc(/C=C/c3ccc(C#N)cc3)cc2c2c1c1c3cc(/C=C/c4ccc(C#N)cc4)ccc3n(CCCCCCCCCCCC)c1c1c3cc(/C=C/c4ccc(C#N)cc4)ccc3n(CCCCCCCCCCCC)c21,6.937314081
CCCCCCCCCCCCn1c2ccc(/C=C/c3ccc(/C=C/c4nc5ccccc5s4)s3)cc2c2c1c1c3ccc(/C=C/c4ccc(/C=C/c5nc6ccccc6s5)s4)cc3n(CCCCCCCCCCCC)c1c1c3ccc(/C=C/c4ccc(/C=C/c5nc6ccccc6s5)s4)cc3n(CCCCCCCCCCCC)c21,7.377758908
CCCCCCCCCCCCn1c2ccc(/C=C/c3ccc(/C=C/c4ccc(C#N)cc4)s3)cc2c2c1c1c3ccc(/C=C/c4ccc(/C=C/c5ccc(C#N)cc5)s4)cc3n(CCCCCCCCCCCC)c1c1c3ccc(/C=C/c4ccc(/C=C/c5ccc(C#N)cc5)s4)cc3n(CCCCCCCCCCCC)c21,7.251344983
CCCCCCN(CCCCCC)c1ccc(C#Cc2ccc(C#Cc3ccc(N(CCCCCC)CCCCCC)cc3)c3nsnc23)cc1,5.438079309
CCCCCCN(CCCCCC)c1ccc(/C=C/c2ccc(/C=C/c3ccc(N(CCCCCC)CCCCCC)cc3)c3nsnc23)cc1,5.598421959
CCCCCCN(CCCCCC)c1ccc(-c2ccc(C#Cc3ccc(C#Cc4ccc(-c5ccc(N(CCCCCC)CCCCCC)cc5)c5nsnc45)c4nsnc34)c3nsnc23)cc1,4.442651256
CCCCCCCCOc1cc(C#Cc2cccc3nsnc23)c(OCCCCCCCC)cc1C#Cc1cccc2nsnc12,4.787491743
CCCCCCCCOc1cc(C#Cc2ccc(C#Cc3ccc(N(CCCCCC)CCCCCC)cc3)cc2)c(OCCCCCCCC)cc1C#Cc1ccc(C#Cc2ccc(N(CCCCCC)CCCCCC)cc2)cc1,6.445719819
CCCCCCCCOc1cc(C#Cc2ccc(C#Cc3ccc(N(CCCCCC)CCCCCC)cc3)c3nsnc23)c(OCCCCCCCC)cc1C#Cc1ccc(C#Cc2ccc(N(CCCCCC)CCCCCC)cc2)c2nsnc12,5.768320996
CCCCN(CCCC)c1ccc(/C=C/c2ccncc2)cc1,5.247024072
CCCCN(CCCC)c1ccc(/C=C/c2ccnc(-c3cc(/C=C/c4ccc(N(CCCC)CCCC)cc4)ccn3)c2)cc1,6.01615716
C(=C/c1ccc(-c2cccs2)s1)\c1cc(/C=C/c2ccc(-c3cccs3)s2)ncn1,7.43838353
C(=C/c1ccc(-c2ccc(N(c3ccccc3)c3ccccc3)cc2)s1)\c1cc(/C=C/c2ccc(-c3cccc(N(c4ccccc4)c4ccccc4)c3)s2)ncn1,7.528331767
C(#Cc1ccc(N(c2ccccc2)c2ccccc2)cc1)c1ccc(N(c2ccccc2)c2ccccc2)cc1,6.040254711
C(#Cc1ccc(N(c2ccc(C#Cc3ccc(N(c4ccccc4)c4ccccc4)cc3)cc2)c2ccc(C#Cc3ccc(N(c4ccccc4)c4ccccc4)cc3)cc2)cc1)c1ccc(N(c2ccccc2)c2ccccc2)cc1,7.090076836
COc1ccc(-c2ccc(C=O)s2)cc1,4.025351691
CN(C)c1ccc(-c2ccc(C=O)s2)cc1,4.787491743
N#CC(C#N)=Cc1ccc(-c2ccccc2)s1,3.33220451
CCOc1ccc(-c2ccc(C=C(C#N)C#N)s2)cc1,4.553876892
CN(C)c1ccc(-c2ccc(C=C(C#N)C#N)s2)cc1,4.682131227
CCN(CC)c1ccc(-c2ccc(C=C(C#N)C#N)s2)cc1,5.164785974
O=Cc1ccc(-c2ccc(-c3ccccc3)s2)s1,3.828641396
CCOc1ccc(-c2ccc(-c3ccc(C=O)s3)s2)cc1,4.634728988
CN(C)c1ccc(-c2ccc(-c3ccc(C=O)s3)s2)cc1,5.323009979
CCN(CC)c1ccc(-c2ccc(-c3ccc(C=O)s3)s2)cc1,5.537334267
CCOc1ccc(-c2ccc(-c3ccc(C=C(C#N)C#N)s3)s2)cc1,5.347107531
CCN(CC)c1ccc(-c2ccc(-c3ccc(C=C(C#N)C#N)s3)s2)cc1,6.345636361
CCN1C(=O)C(=Cc2ccc(-c3ccc(N(C)C)cc3)s2)C(=O)N(CC)C1=S,6.802394763
Cc1cc(C)c(B(c2ccc(N(c3ccc(B(c4c(C)cc(C)cc4C)c4c(C)cc(C)cc4C)cc3)c3ccc(B(c4c(C)cc(C)cc4C)c4c(C)cc(C)cc4C)cc3)cc2)c2c(C)cc(C)cc2C)c(C)c1,5.598421959
Cc1cc(C)c(B(c2cc3c4c(c2)C(C)(C)c2cc(B(c5c(C)cc(C)cc5C)c5c(C)cc(C)cc5C)cc5c2N4c2c(cccc2C5(C)C)C3(C)C)c2c(C)cc(C)cc2C)c(C)c1,5.347107531
Cc1cc(C)c(B(c2cc3c4c(c2)C(C)(C)c2cc(B(c5c(C)cc(C)cc5C)c5c(C)cc(C)cc5C)cc5c2N4c2c(cc(B(c4c(C)cc(C)cc4C)c4c(C)cc(C)cc4C)cc2C5(C)C)C3(C)C)c2c(C)cc(C)cc2C)c(C)c1,5.598421959
c1csc(-c2cccs2)c1,0
CN(C)c1ccc(C#Cc2ccc(-c3cccs3)s2)cc1,6.068425588
CN(C)c1ccc(C#Cc2ccc(-c3ccc(C#Cc4ccc(N(C)C)cc4)s3)s2)cc1,6.333279628
c1csc(-c2ccc(-c3cccs3)s2)c1,0
CN(C)c1ccc(C#Cc2ccc(-c3ccc(-c4cccs4)s3)s2)cc1,4.394449155
CN(C)c1ccc(C#Cc2ccc(-c3ccc(-c4ccc(C#Cc5ccc(N(C)C)cc5)s4)s3)s2)cc1,5.940171253
c1ccc(N(c2ccccc2)c2ccccc2)cc1,1.609437912
CCCCCCCC1(CCCCCCC)c2ccccc2-c2ccc(C#Cc3ccc(N(c4ccc(C#Cc5ccc6c(c5)C(CCCCCCC)(CCCCCCC)c5ccccc5-6)cc4)c4ccc(C#Cc5ccc6c(c5)C(CCCCCCC)(CCCCCCC)c5ccccc5-6)cc4)cc3)cc21,7.003065459
CC1(C)c2cccc3c2N2c4c1cccc4C(C)(C)c1cccc(c12)C3(C)C,3.401197382
CC1(C)c2cc(C#Cc3ccc(N(c4ccccc4)c4ccccc4)cc3)cc3c2N2c4c1cc(C#Cc1ccc(N(c5ccccc5)c5ccccc5)cc1)cc4C(C)(C)c1cc(C#Cc4ccc(N(c5ccccc5)c5ccccc5)cc4)cc(c12)C3(C)C,8.476371197
N#Cc1ccc(-c2nc3ccccn3c2Cc2ccccc2)cc1,2.890371758
FC(F)(F)c1ccc(-c2nc3ccccn3c2Cc2ccccc2)c(C(F)(F)F)c1,1.609437912
COc1ccccc1-c1nc2ccccn2c1Cc1ccccc1,2.833213344
COc1ccc(-c2nc3ccccn3c2Cc2ccccc2)cc1OC,2.564949357
CSc1ccc(-c2nc3ccccn3c2Cc2ccccc2)cc1,2.772588722
O=Cc1ccc(-c2nc3ccccn3c2Cc2ccccc2)cc1,2.302585093
C#Cc1ccc2nc(-c3ccc(OCCCCCC)cc3)c(Cc3ccccc3)n2c1,2.397895273
CCCCCCOc1ccc(-c2nc3ccc(C#Cc4cc(C#N)c(C#Cc5ccc6nc(-c7ccc(OCCCCCC)cc7)c(Cc7ccccc7)n6c5)cc4C#N)cn3c2Cc2ccccc2)cc1,3.931825633
CCCCCCOc1ccc(-c2nc3ccc(C#CC#Cc4ccc5nc(-c6ccc(OCCCCCC)cc6)c(Cc6ccccc6)n5c4)cn3c2Cc2ccccc2)cc1,4.700480366
CCCCCCCCC1(CCCCCCCC)c2ccccc2-c2ccc(/C=C/c3ccc4c(c3)C(=O)c3cc(/C=C/c5ccc6c(c5)C(CCCCCCCC)(CCCCCCCC)c5ccccc5-6)ccc3-4)cc21,6.439350371
O=C1c2cc(/C=C/c3ccc(N(c4ccccc4)c4ccccc4)cc3)ccc2-c2ccc(/C=C/c3ccc(N(c4ccccc4)c4ccccc4)cc3)cc21,6.784457063
CCN(CC)c1ccc(/C=C/c2cc(/C=C/c3ccc(N(CC)CC)cc3)nc(-n3cccn3)n2)cc1,7.522940918
CCN(CC)c1ccc(/C=C/c2cc(/C=C/c3ccc(N(CC)CC)cc3)nc(-n3ccnc3)n2)cc1,6.586171655
CCCCC(CC)CCc1cc(-c2cccs2)c(CC(CC)CCCC)cc1-c1cccs1,0.693147181
CCCCC(CC)CCc1cc(-c2ccc(-c3ccc(-c4cc(CC(CC)CCCC)c(-c5cccs5)cc4CCC(CC)CCCC)s3)s2)c(CC(CC)CCCC)cc1-c1cccs1,4.744932128
CCCCC(CC)CCc1cc(-c2ccc(-c3ccc(-c4cc(CC(CC)CCCC)c(-c5ccc(-c6ccc(-c7cc(CC(CC)CCCC)c(-c8cccs8)cc7CCC(CC)CCCC)s6)s5)cc4CCC(CC)CCCC)s3)s2)c(CC(CC)CCCC)cc1-c1cccs1,6.131226489
CCCCC(CC)CCc1cc(-c2ccc(-c3ccc(-c4cc(CC(CC)CCCC)c(-c5ccc(-c6ccc(-c7cc(CC(CC)CCCC)c(-c8ccc(-c9ccc(-c%10cc(CC(CC)CCCC)c(-c%11cccs%11)cc%10CCC(CC)CCCC)s9)s8)cc7CCC(CC)CCCC)s6)s5)cc4CCC(CC)CCCC)s3)s2)c(CC(CC)CCCC)cc1-c1cccs1,6.684611728
CCN(CC)c1ccc(/C=C/c2cc(/C=C/c3ccc(N(CC)CC)cc3)nc(O)n2)cc1,6.620073207
CCN(CC)c1ccc(/C=C/c2ccnc(O)n2)cc1,5.634789603
CCN(CC)c1ccc(/C=C/c2cc(/C=C/c3ccc(N(CC)CC)cc3)nc(Oc3nc(Oc4nc(/C=C/c5ccc(N(CC)CC)cc5)cc(/C=C/c5ccc(N(CC)CC)cc5)n4)nc(Oc4nc(/C=C/c5ccc(N(CC)CC)cc5)cc(/C=C/c5ccc(N(CC)CC)cc5)n4)n3)n2)cc1,6.937314081
CCN(CC)c1ccc(-c2nc3ccccc3[nH]2)c(O)c1,4.454347296
CCN(CC)c1ccc(-c2nc3ccccc3[nH]2)c(S(=O)(=O)c2ccc([N+](=O)[O-])cc2[N+](=O)[O-])c1,3.433987204
CCN(CC)c1ccc(-c2nc3ccccc3[nH]2)c(S(=O)(=O)c2ccc(C)cc2)c1,3.33220451
N#C/C(=C\c1ccc(N(c2ccccc2)c2ccccc2)cc1)C(=O)O,4.943069975
N#C/C(=C\c1ccc(/C=C/c2ccc(N(c3ccccc3)c3ccccc3)cc2)cc1)C(=O)O,7.281660918
CCOc1ccc(N(c2ccc(/C=C(\C#N)C(=O)O)cc2)c2ccc(OCC)cc2)cc1,5.379897354
CCCCCCC1(CCCCCC)c2cc(C#Cc3c4ccccc4c(C#Cc4ccc5c(c4)C(CCCCCC)(CCCCCC)c4cc(-n6c7ccccc7c7ccccc76)ccc4-5)c4ccccc34)ccc2-c2ccc(-n3c4ccccc4c4ccccc43)cc21,7.60090246
CCCCCCC1(CCCCCC)c2cc(C#Cc3ccc(C#Cc4ccc5c(c4)C(CCCCCC)(CCCCCC)c4cc(-n6c7ccccc7c7ccccc76)ccc4-5)c4nsnc34)ccc2-c2ccc(-n3c4ccccc4c4ccccc43)cc21,7.863266724
c1ccc(N(c2ccccc2)c2ccc3c(c2)C(c2ccccc2)(c2ccccc2)c2cc(-c4ccc5c(c4)C(c4ccccc4)(c4ccccc4)c4cc(N(c6ccccc6)c6ccccc6)ccc4-5)ccc2-3)cc1,4.859812404
c1ccc(N(c2ccccc2)c2ccc3c(c2)C(c2ccccc2)(c2ccccc2)c2cc(-c4ccc5c(c4)C(c4ccccc4)(c4ccccc4)c4cc(-c6ccc7c(c6)C(c6ccccc6)(c6ccccc6)c6cc(N(c8ccccc8)c8ccccc8)ccc6-7)ccc4-5)ccc2-3)cc1,5.438079309
c1ccc(N(c2ccccc2)c2ccc3c(c2)C(c2ccccc2)(c2ccccc2)c2cc(-c4ccc5c(c4)C(c4ccccc4)(c4ccccc4)c4cc(-c6ccc7c(c6)C(c6ccccc6)(c6ccccc6)c6cc(-c8ccc9c(c8)C(c8ccccc8)(c8ccccc8)c8cc(N(c%10ccccc%10)c%10ccccc%10)ccc8-9)ccc6-7)ccc4-5)ccc2-3)cc1,6.309918278
c1ccc(N(c2ccccc2)c2ccc3c(c2)C(c2ccccc2)(c2ccccc2)c2cc(-c4ccc5c(c4)C(c4ccccc4)(c4ccccc4)c4cc(-c6ccc7c(c6)C(c6ccccc6)(c6ccccc6)c6cc(-c8ccc9c(c8)C(c8ccccc8)(c8ccccc8)c8cc(-c%10ccc%11c(c%10)C(c%10ccccc%10)(c%10ccccc%10)c%10cc(N(c%12ccccc%12)c%12ccccc%12)ccc%10-%11)ccc8-9)ccc6-7)ccc4-5)ccc2-3)cc1,7.237059026
CCCCC1(CCCC)c2cc(-c3ccc4c(c3)C(CCCC)(CCCC)c3cc(N(c5ccccc5)c5ccccc5)ccc3-4)ccc2-c2ccc(-c3ccc4c(c3)C(CCCC)(CCCC)c3cc(N(c5ccccc5)c5ccccc5)ccc3-4)cc21,4.110873864
CCCCC1(CCCC)c2cc(-c3ccc4c(c3)C(CCCC)(CCCC)c3cc(-c5ccc6c(c5)C(CCCC)(CCCC)c5cc(N(c7ccccc7)c7ccccc7)ccc5-6)ccc3-4)ccc2-c2ccc(-c3ccc4c(c3)C(CCCC)(CCCC)c3cc(N(c5ccccc5)c5ccccc5)ccc3-4)cc21,4.762173935
CCCCC1(CCCC)c2cc(-c3ccc4c(c3)C(CCCC)(CCCC)c3cc(-c5ccc6c(c5)C(CCCC)(CCCC)c5cc(N(c7ccccc7)c7ccccc7)ccc5-6)ccc3-4)ccc2-c2ccc(-c3ccc4c(c3)C(CCCC)(CCCC)c3cc(-c5ccc6c(c5)C(CCCC)(CCCC)c5cc(N(c7ccccc7)c7ccccc7)ccc5-6)ccc3-4)cc21,4.770684624
N#C/C(=C\c1ccc(/C=C(\C#N)c2ccc(/C=C/c3ccc(N(c4ccccc4)c4ccccc4)cc3)cc2)s1)c1ccc(/C=C/c2ccc(N(c3ccccc3)c3ccccc3)cc2)cc1,6.514712691
COc1ccc(-c2cc3sc(C=O)cc3s2)cc1,4.382026635
CCOc1ccc(-c2cc3sc(C=O)cc3s2)cc1,4.477336814
CCN(CC)c1ccc(-c2cc3sc(C=O)cc3s2)cc1,5.598421959
O=Cc1cc2sc(-c3ccc(C4CCCC4=O)cc3)cc2s1,5.342334252
N#CC(C#N)=Cc1cc2sc(-c3ccccc3)cc2s1,4.406719247
COc1ccc(-c2cc3sc(C=C(C#N)C#N)cc3s2)cc1,5.438079309
CCOc1ccc(-c2cc3sc(C=C(C#N)C#N)cc3s2)cc1,5.966146739
CCN(CC)c1ccc(-c2cc3sc(C=C(C#N)C#N)cc3s2)cc1,6.684611728
CCN1C(=O)C(=Cc2cc3sc(-c4ccc(OC)cc4)cc3s2)C(=O)N(CC)C1=S,5.991464547
COCCOCCN(CCOCCOC)c1ccc(/C=C/c2cc(/C=C/c3ccc(N(CCOCCOC)CCOCCOC)cc3)nc(-n3ccnc3)n2)cc1,7.972466016
COCCOCCN(CCOCCOC)c1ccc(/C=C/c2ccnc(-n3ccnc3)n2)cc1,6.633318433
C(=C/c1ccnc(-n2ccnc2)n1)\c1ccc(N(c2ccccc2)c2ccccc2)cc1,4.787491743
C(=C/c1cc(/C=C/c2ccc(N(c3ccccc3)c3ccccc3)cc2)nc(-n2ccnc2)n1)\c1ccc(N(c2ccccc2)c2ccccc2)cc1,4.912654886
CCOc1ccc(N(c2ccc(/C=C/c3ccnc(-n4ccnc4)n3)cc2)c2ccc(OCC)cc2)cc1,6.195608748
CCOc1ccc(N(c2ccc(/C=C/c3cc(/C=C/c4ccc(N(c5ccc(OCC)cc5)c5ccc(OCC)cc5)cc4)nc(-n4ccnc4)n3)cc2)c2ccc(OCC)cc2)cc1,6.464167654
CC(C)(C)c1ccc2c(c1)C1(c3cc(NC(=O)NC(=O)c4ccccc4)ccc3-2)c2cc(-c3ccc(N(c4ccccc4)c4ccccc4)cc3)ccc2-c2ccc(-c3ccc(N(c4ccccc4)c4ccccc4)cc3)cc21,6.476972363
S=C=Nc1nc(/C=C/c2ccc(N(c3ccccc3)c3ccccc3)cc2)cc(/C=C/c2ccc(N(c3ccccc3)c3ccccc3)cc2)n1,6.866933284
OC[C@@H]1C(O)[C@@H](O)[C@@H](NC(=S)Nc2nc(/C=C/c3ccc(N(c4ccccc4)c4ccccc4)cc3)cc(/C=C/c3ccc(N(c4ccccc4)c4ccccc4)cc3)n2)[C@H](O)[C@@H]1O,6.522092798
CCn1c2ccccc2c2cc(/C=C/c3cc(C#N)c(/C=C/c4ccc(N(c5ccccc5)c5ccccc5)cc4)cc3C#N)ccc21,7.495541944
CCn1c2ccc(/C=C/c3cc(C#N)c(/C=C/c4ccc(N(c5ccccc5)c5ccccc5)cc4)cc3C#N)cc2c2cc(/C=C/c3cc(C#N)c(/C=C/c4ccc(N(c5ccccc5)c5ccccc5)cc4)cc3C#N)ccc21,8.006367568
CCn1c2ccccc2c2cc(/C=C/c3cc(C#N)c(/C=C/c4ccc(N(C)C)cc4)cc3C#N)ccc21,6.620073207
CCn1c2ccc(/C=C/c3cc(C#N)c(/C=C/c4ccc(N(C)C)cc4)cc3C#N)cc2c2cc(/C=C/c3cc(C#N)c(/C=C/c4ccc(N(C)C)cc4)cc3C#N)ccc21,7.408530567
CCn1c2ccccc2c2cc(/C=C/c3cc(C#N)c(/C=C/c4ccc(-n5c6ccccc6c6ccccc65)cc4)cc3C#N)ccc21,6.856461985
CCn1c2ccc(/C=C/c3cc(C#N)c(/C=C/c4ccc(-n5c6ccccc6c6ccccc65)cc4)cc3C#N)cc2c2cc(/C=C/c3cc(C#N)c(/C=C/c4ccc(-n5c6ccccc6c6ccccc65)cc4)cc3C#N)ccc21,6.768493212
N#C/C(=C\c1ccc(N(c2ccccc2)c2ccccc2)cc1)c1ccncc1,5.010635294
N#C/C(=C\c1ccc(N(c2ccccc2)c2ccccc2)cc1)c1nc2ccccc2s1,5.192956851
N#C/C(=C\c1ccc(N(c2ccccc2)c2ccccc2)cc1)c1ccc([N+](=O)[O-])cc1,5.703782475
CC1(C)CC(/C=C/c2ccc(N(c3ccccc3)c3ccccc3)cc2)=CC(=C(C#N)C#N)C1,6.063785209
N#C/C(=C\c1ccc(N(c2ccccc2)c2ccc(/C=C(\C#N)c3ccncc3)cc2)cc1)c1ccncc1,5.634789603
N#C/C(=C\c1ccc(N(c2ccccc2)c2ccc(/C=C(\C#N)c3ccc([N+](=O)[O-])cc3)cc2)cc1)c1ccc([N+](=O)[O-])cc1,5.991464547
CC1(C)CC(/C=C/c2ccc(N(c3ccccc3)c3ccc(/C=C/C4=CC(=C(C#N)C#N)CC(C)(C)C4)cc3)cc2)=CC(=C(C#N)C#N)C1,6.363028104
N#C/C(=C\c1ccc(N(c2ccc(/C=C(\C#N)c3ccncc3)cc2)c2ccc(/C=C(\C#N)c3ccncc3)cc2)cc1)c1ccncc1,5.438079309
CC1(C)CC(/C=C/c2ccc(N(c3ccc(/C=C/C4=CC(=C(C#N)C#N)CC(C)(C)C4)cc3)c3ccc(/C=C/C4=CC(=C(C#N)C#N)CC(C)(C)C4)cc3)cc2)=CC(=C(C#N)C#N)C1,6.040254711
CCN(CC)c1ccc2c(COC(=O)OCC3c4ccccc4-c4ccccc43)c(/C=C/c3nccs3)c(=O)oc2c1,5.192956851
CCN(CC)c1ccc2c(COC(=O)OCC3c4ccccc4-c4ccccc43)c(/C=C/c3nc4ccccc4s3)c(=O)oc2c1,6.086774727
CCN(CC)c1ccc2c(COC(=O)OCC3c4ccccc4-c4ccccc43)c(/C=C/c3nc4ccccc4o3)c(=O)oc2c1,5.899897354
CCN(CC)c1ccc2c(COC(=O)OCC3c4ccccc4-c4ccccc43)c(/C=C/c3cccc4nsnc34)c(=O)oc2c1,5.370638028
CCCCC1(CCCC)c2cc(C=O)ccc2-c2ccc(/C=C/c3c(COC(=O)OCC4c5ccccc5-c5ccccc54)c4ccc(N(CC)CC)cc4oc3=O)cc21,6.396929655
CCCCC1(CCCC)c2cc(/C=C/c3c(COC(=O)OCC4c5ccccc5-c5ccccc54)c4ccc(N(CC)CC)cc4oc3=O)ccc2-c2ccc(-c3nc4ccccc4s3)cc21,6.887552572
CC1(C)c2ccccc2N(c2ccc(-c3ccc(-c4ccc(N5c6ccccc6C(C)(C)c6ccccc65)cc4)c4nsnc34)cc2)c2ccccc21,2.397895273
c1ccc2c(c1)Oc1ccccc1N2c1ccc(-c2ccc(-c3ccc(N4c5ccccc5Oc5ccccc54)cc3)c3nsnc23)cc1,2.48490665
c1ccc2c(c1)Sc1ccccc1N2c1ccc(-c2ccc(-c3ccc(N4c5ccccc5Sc5ccccc54)cc3)c3nsnc23)cc1,2.397895273
c1ccc2c(c1)c1ccccc1n2-c1ccc2c(c1)c1cc(-n3c4ccccc4c4ccccc43)ccc1n2-c1ccc(-c2ccc(-c3ccc(-n4c5ccc(-n6c7ccccc7c7ccccc76)cc5c5cc(-n6c7ccccc7c7ccccc76)ccc54)cc3)c3nsnc23)cc1,4.290459441
Cc1ccc(N(c2ccc(C)cc2)c2ccc3c(c2)c2cc(N(c4ccc(C)cc4)c4ccc(C)cc4)ccc2n3-c2ccc(-c3ccc(-c4ccc(-n5c6ccc(N(c7ccc(C)cc7)c7ccc(C)cc7)cc6c6cc(N(c7ccc(C)cc7)c7ccc(C)cc7)ccc65)cc4)c4nsnc34)cc2)cc1,4.48863637
CN1c2ccccc2N(c2ccc(-c3ccc(-c4ccc(N5c6ccccc6N(C)c6ccccc65)s4)c4nsnc34)s2)c2ccccc21,3.091042453
CC1(C)c2cccc3c2N2c4c1cccc4C(C)(C)c1cc(-c4ccc(-c5cc6c7c(c5)C(C)(C)c5cccc8c5N7c5c(cccc5C6(C)C)C8(C)C)c5nsnc45)cc(c12)C3(C)C,5.393627546
O=c1c2ccc3c4ccc5c(=O)n6c7ccccc7nc6c6ccc(c7ccc(c2c37)c2nc3ccccc3n12)c4c56,8.9226583
O=c1c2ccc3c4ccc5c(=O)n6c7ccccc7nc6c6cc7sc8cc(c2c3c8c7c4c56)c2nc3ccccc3n12,8.517193191
CCCCCN1C(=O)c2ccc3c4ccc5c(=O)n6c7ccccc7nc6c6ccc(c7ccc(c2c37)C1=O)c4c56,8.517193191
CCCCN1C(=O)c2ccc3c4ccc5c6c(ccc(c7ccc(c2c37)C1=O)c64)C(=O)N(CCCC)C5=O,8.517193191
O=C1c2ccc3c4ccc5c6c(ccc(c7ccc(c2c37)C(=O)N1CCc1ccccc1)c64)C(=O)N(CCc1ccccc1)C5=O,7.313220387
O=C1c2ccc3c4ccc5c6c(ccc(c7ccc(c2c37)C(=O)N1Cc1ccccc1)c64)C(=O)N(Cc1ccccc1)C5=O,7.313220387
C(=C/c1ccc(N(c2ccccc2)c2ccccc2)cc1)\c1ccc(/C=C/c2ccc(N(c3ccccc3)c3ccccc3)cc2)cc1,6.551080335
CCC1(CC)c2cc(/C=C/c3ccc(N(c4ccccc4)c4ccccc4)cc3)ccc2-c2ccc(/C=C/c3ccc(N(c4ccccc4)c4ccccc4)cc3)cc21,6.768493212
CCCCCn1c2cc(/C=C/c3ccc(N(c4ccccc4)c4ccccc4)cc3)ccc2c2ccc(/C=C/c3ccc(N(c4ccccc4)c4ccccc4)cc3)cc21,6.8134446
CCCCCC1(CCCC)c2cc(/C=C/c3ccc(N(c4ccccc4)c4ccccc4)cc3)ccc2-c2cc3c(cc21)-c1ccc(/C=C/c2ccc(N(c4ccccc4)c4ccccc4)cc2)cc1C3(CCCC)CCCC,7.138867
CCCCCCCCn1c2cc(/C=C/c3ccc(N(c4ccccc4)c4ccccc4)cc3)ccc2c2cc3c(cc21)c1ccc(/C=C/c2ccc(N(c4ccccc4)c4ccccc4)cc2)cc1n3CCCCCCC,7.489970899
CCCCCCCCn1c2ccc(/C=C/c3ccc(N(c4ccccc4)c4ccccc4)cc3)cc2c2cc3c(cc21)c1cc(/C=C/c2ccc(N(c4ccccc4)c4ccccc4)cc2)ccc1n3CCCCCCC,6.779921907
CCCCOc1cc2nc3c4cc(N(c5ccccc5)c5ccccc5)ccc4c4ccc(N(c5ccccc5)c5ccccc5)cc4c3nc2cc1OCCCC,6.00635316
CCCCOc1cc2nc3c4cc(-c5ccc(N(c6ccccc6)c6ccccc6)cc5)ccc4c4ccc(-c5ccc(N(c6ccccc6)c6ccccc6)cc5)cc4c3nc2cc1OCCCC,6.244166901
CCCCOc1cc2nc3c4cc(-c5ccc(N(c6ccccc6)c6ccccc6)s5)ccc4c4ccc(-c5ccc(N(c6ccccc6)c6ccccc6)s5)cc4c3nc2cc1OCCCC,7.824845691
CCCCOc1cc2nc3c4cc(-c5ccc(-c6ccc(N(c7ccccc7)c7ccccc7)cc6)s5)ccc4c4ccc(-c5ccc(-c6ccc(N(c7ccccc7)c7ccccc7)cc6)s5)cc4c3nc2cc1OCCCC,8.366137716
CCCCOc1cc2nc3c4cc(-c5ccc(-c6cc(N(c7ccccc7)c7ccccc7)cc(N(c7ccccc7)c7ccccc7)c6)s5)ccc4c4ccc(-c5ccc(-c6cc(N(c7ccccc7)c7ccccc7)cc(N(c7ccccc7)c7ccccc7)c6)s5)cc4c3nc2cc1OCCCC,6.300785795
CCCCOc1cc2nc3c4cc(-c5ccc(-c6ccc7c(c6)C(CC)(CC)c6cc(N(c8ccccc8)c8ccccc8)ccc6-7)s5)ccc4c4ccc(-c5ccc(-c6ccc7c(c6)C(CC)(CC)c6cc(N(c8ccccc8)c8ccccc8)ccc6-7)s5)cc4c3nc2cc1OCCCC,8.673512946
CCCCOc1cc2nc3c4cc(-c5ccc(-c6ccc7c(c6)c6cc(N(c8ccccc8)c8ccccc8)ccc6n7CC)s5)ccc4c4ccc(-c5ccc(-c6ccc7c(c6)c6cc(N(c8ccccc8)c8ccccc8)ccc6n7CC)s5)cc4c3nc2cc1OCCCC,7.919719761
CCCCC1(CCCC)c2ccccc2-c2ccc(C#Cc3ccc4ccc5cccc6ccc3c4c56)cc21,5.560681631
CCCCC1(CCCC)c2ccccc2-c2ccc(C#Cc3ccc4ccc5c(C#Cc6ccc7c(c6)C(CCCC)(CCCC)c6ccccc6-7)ccc6ccc3c4c65)cc21,7.60090246
CCCCC1(CCCC)c2ccccc2-c2ccc(C#Cc3cc(C#Cc4ccc5c(c4)C(CCCC)(CCCC)c4ccccc4-5)c4ccc5c(C#Cc6ccc7c(c6)C(CCCC)(CCCC)c6ccccc6-7)cc(C#Cc6ccc7c(c6)C(CCCC)(CCCC)c6ccccc6-7)c6ccc3c4c65)cc21,7.824046011
CCCCC1(CCCC)c2cc(C#Cc3cc(C#Cc4ccc5c(c4)C(CCCC)(CCCC)c4cc([N+](=O)[O-])ccc4-5)c4ccc5c(C#Cc6ccc7c(c6)C(CCCC)(CCCC)c6cc([N+](=O)[O-])ccc6-7)cc(C#Cc6ccc7c(c6)C(CCCC)(CCCC)c6cc([N+](=O)[O-])ccc6-7)c6ccc3c4c65)ccc2-c2ccc([N+](=O)[O-])cc21,7.824046011
c1ccc(N(c2ccccc2)c2ccc(C(=C(c3cccs3)c3ccc(-c4ccc(-c5ccc(N(c6ccccc6)c6ccccc6)cc5)c5nsnc45)s3)c3ccc(N(c4ccccc4)c4ccccc4)cc3)cc2)cc1,5.703782475
c1ccc(N(c2ccccc2)c2ccc(C(=C(c3ccc(-c4ccc(-c5ccc(N(c6ccccc6)c6ccccc6)cc5)c5nsnc45)s3)c3ccc(-c4ccc(-c5ccc(N(c6ccccc6)c6ccccc6)cc5)c5nsnc45)s3)c3ccc(N(c4ccccc4)c4ccccc4)cc3)cc2)cc1,6.551080335
c1ccc(C(=C(c2ccccc2)c2ccc(-c3ccc(-c4ccc(C(=C(c5ccc(N(c6ccccc6)c6ccccc6)cc5)c5ccc(N(c6ccccc6)c6ccccc6)cc5)c5cccs5)s4)c4nsnc34)cc2)c2ccccc2)cc1,7.45007957
c1ccc(/C(=C(\c2ccccc2)c2ccc(-c3ccc(-c4ccc(C(=C(c5ccc(N(c6ccccc6)c6ccccc6)cc5)c5ccc(N(c6ccccc6)c6ccccc6)cc5)c5cccs5)s4)c4nsnc34)cc2)c2ccc(-c3ccc(-c4ccc(C(=C(c5ccc(N(c6ccccc6)c6ccccc6)cc5)c5ccc(N(c6ccccc6)c6ccccc6)cc5)c5cccs5)s4)c4nsnc34)cc2)cc1,7.549609165
COc1ccc(/C(C#N)=C/c2ccc(C(=C(c3ccccc3)c3ccccc3)c3ccccc3)cc2)cc1,8.621192781
C(#Cc1cc(C#Cc2ccccc2)c2ccc3c(-c4ccccc4)cc(-c4ccccc4)c4ccc1c2c43)c1ccccc1,5.298317367
Fc1ccc(C#Cc2cc(C#Cc3ccc(F)cc3)c3ccc4c(-c5ccccc5)cc(-c5ccccc5)c5ccc2c3c54)cc1,5.247024072
COc1ccc(C#Cc2cc(C#Cc3ccc(OC)cc3)c3ccc4c(-c5ccccc5)cc(-c5ccccc5)c5ccc2c3c54)cc1,4.700480366
O=Cc1ccc(C#Cc2cc(C#Cc3ccc(C=O)cc3)c3ccc4c(-c5ccccc5)cc(-c5ccccc5)c5ccc2c3c54)cc1,7.377758908
CN(C)c1ccc(C#Cc2cc(C#Cc3ccc(N(C)C)cc3)c3ccc4c(-c5ccccc5)cc(-c5ccccc5)c5ccc2c3c54)cc1,7.783224016
CN(C)c1ccc(/C=C/C2=CC(/C=C/c3ccc(N(C)C)cc3)=[O+][B-](F)(F)O2)cc1,6.802394763
CN(C)c1ccc(/C=C/C2=C3CCC/C(=C\c4ccc(N(C)C)cc4)C3=[O+][B-](F)(F)O2)cc1,7.803843304
CCCOc1cc(N(CC)CC)ccc1/C=C/C1=CC(/C=C/c2ccc(N(CC)CC)cc2OCCC)=[O+][B-](F)(F)O1,7.649692624
CCCOc1c(/C=C/C2=CC(/C=C/c3cc4c5c(c3OCCC)CCCN5CCC4)=[O+][B-](F)(F)O2)cc2c3c1CCCN3CCC2,8.411832676
COc1ccc(/C=C/C2=CC(/C=C/c3ccc(OC)cc3)=[O+][B-](F)(F)O2)cc1,5.043425117
CSc1ccc(/C=C/C2=CC(/C=C/c3ccc(SC)cc3)=[O+][B-](F)(F)O2)cc1,5.799092654
COCCOCCOc1ccc(/C=C/C2=CC(/C=C/c3ccc(OCCOCCOC)cc3)=[O+][B-](F)(F)O2)cc1,5.075173815
CC(C)CC1=CC(/C=C/c2ccc(N(C)C)cc2)=[O+][B-](F)(F)O1,5.187385806
CSc1ccc(/C=C/C2=[O+][B-](F)(F)OC(CC(C)C)=C2)cc1,4.143134726
CCC(=O)c1ccc2cc(N(C)C)ccc2c1,4.700480366
O=c1cc(C(F)(F)F)c2cc3c4c(c2o1)CCCN4CCC3,3.871201011
CCN(CC)c1ccc2nc3c4ccccc4c(=O)cc-3oc2c1,4.605170186
CCN(CC)c1ccc2nc3c4cc(C(F)(F)F)ccc4c(=O)cc-3oc2c1,5.459585514
CCN(CC)c1ccc2nc3c4cccc(C(F)(F)F)c4c(=O)cc-3oc2c1,5.247024072
CCN(CC)c1ccc2nc3c4ccc(C(F)(F)F)cc4c(=O)cc-3oc2c1,4.905274778
CCN(CC)c1ccc2nc3c4ccc(F)cc4c(=O)cc-3oc2c1,4.624972813
CCN(CC)c1ccc2nc3c4ccc(Br)cc4c(=O)cc-3oc2c1,4.882801923
CCC(CC)N1C(=O)c2ccc3c4ccc5c6c(ccc(c7ccc(c2c37)C1=O)c64)C(=O)N(C(CC)CC)C5=O,6.272877007
CCCCCCC1(CCCCCC)c2cc3c(cc2-c2c1c1c(c4c2C(CCCCCC)(CCCCCC)c2cc5c(cc2-4)c2cc4c(=O)n(C(CC)CC)c(=O)c6ccc7c8ccc9c(=O)n(C(CC)CC)c(=O)c%10cc5c(c8c9%10)c2c7c64)C(CCCCCC)(CCCCCC)c2cc4c(cc2-1)c1cc2c(=O)n(C(CC)CC)c(=O)c5ccc6c7ccc8c(=O)n(C(CC)CC)c(=O)c9cc4c(c7c89)c1c6c52)c1cc2c4c(ccc5c6ccc7c8c(cc3c(c86)c1c45)CN(C)C7=O)C(=O)N(C(CC)CC)C2=O,9.323669057
CCCCNc1ccc2c3c(cccc13)C(=O)N(CCCC)C2=O,2.833213344
CCC1=C(C)C2C(c3ccccc3)c3c(C)c(CC)c(C)n3[B-](F)(F)[N+]2=C1C,2.302585093
CCCCNc1ccc2c3c(cccc13)C(=O)N(Cc1ccc(C3c4c(C)c(CC)c(C)n4[B-](F)(F)[N+]4=C(C)C(CC)=C(C)C34)cc1)C2=O,3.295836866
CCCCNc1ccc2c3c(cccc13)C(=O)N(c1ccc(C3c4c(C)c(CC)c(C)n4[B-](F)(F)[N+]4=C(C)C(CC)=C(C)C34)cc1)C2=O,2.944438979
CCN(CC)c1ccc(-c2nc(Cl)nc(Cl)n2)cc1,5.247024072
CCN(CC)c1c(C)cc(-c2nc(Cl)nc(Cl)n2)cc1C,4.477336814
O=Cc1ccc(-c2ccc(N(c3ccc(-c4ccc(C=O)s4)cc3)c3ccc(-c4ccc(C=O)s4)cc3)cc2)s1,6.345636361
O=Cc1ccc(-c2ccc(N(c3ccccc3)c3ccccc3)cc2)s1,4.976733742
N#C/C=C/c1ccc(N(c2ccc(/C=C/C#N)cc2)c2ccc(/C=C/C#N)cc2)cc1,5.560681631
N#Cc1ccc(-c2ccc(N(c3ccc(-c4ccc(C#N)cc4)cc3)c3ccc(-c4ccc(C#N)cc4)cc3)cc2)cc1,6.363028104
N#Cc1ccc(C#Cc2ccc(N(c3ccc(C#Cc4ccc(C#N)cc4)cc3)c3ccc(C#Cc4ccc(C#N)cc4)cc3)cc2)cc1,6.684611728
N#CC(C#N)=CC#Cc1ccc(N(c2ccc(C#CC=C(C#N)C#N)cc2)c2ccc(C#CC=C(C#N)C#N)cc2)cc1,6.593044534
Cn1c(/C=C/c2ccc(N(c3ccc(/C=C/c4nc(C#N)c(C#N)n4C)cc3)c3ccc(/C=C/c4nc(C#N)c(C#N)n4C)cc3)cc2)nc(C#N)c1C#N,6.476972363
N#Cc1cccc(C#N)c1C#Cc1ccc(N(c2ccc(C#Cc3c(C#N)cccc3C#N)cc2)c2ccc(C#Cc3c(C#N)cccc3C#N)cc2)cc1,6.756932389
N#Cc1ccc(C#Cc2ccc(N(c3ccc(C#Cc4ccc(C#N)cc4C#N)cc3)c3ccc(C#Cc4ccc(C#N)cc4C#N)cc3)cc2)c(C#N)c1,6.429719478
N#Cc1ccc(C#Cc2ccc(N(c3ccc(C#Cc4ccc(C#N)s4)cc3)c3ccc(C#Cc4ccc(C#N)s4)cc3)cc2)s1,4.605170186
N#Cc1csc(C#Cc2ccc(N(c3ccc(C#Cc4scc(C#N)c4C#N)cc3)c3ccc(C#Cc4scc(C#N)c4C#N)cc3)cc2)c1C#N,5.857933154
O=C1OC2(c3ccc(O)cc3Oc3cc(O)ccc32)c2ccccc21,4.17438727
C(=C/c1ccc(N(c2ccccc2)c2ccccc2)cc1)\c1ccc(N(c2ccccc2)c2ccccc2)cc1,5.828945618
O=c1ccc2ccccc2o1,3.63758616
CCNc1cc2oc3cc(=[NH+]CC)c(C)cc-3c(-c3ccccc3C(=O)OCC)c2cc1C,4.882801923
CCN(CC)c1ccc2c(-c3ccccc3C(=O)O)c3ccc(=[N+](CC)CC)cc-3oc2c1,5.480638923
C1=Cc2nc1c(-c1ccccc1)c1ccc([nH]1)c(-c1ccccc1)c1nc(c(-c3ccccc3)c3ccc([nH]3)c2-c2ccccc2)C=C1,2.197224577
CCCCCCCCCCC1(CCCCCCCCCC)c2cc(N(c3ccccc3)c3ccccc3)ccc2-c2ccc(N(c3ccccc3)c3ccccc3)cc21,6.907755279
CCCCCCCCCCC1(CCCCCCCCCC)c2cc(/C=C/c3ccc(-c4nc5ccccc5s4)cc3)ccc2-c2ccc(N(c3ccccc3)c3ccccc3)cc21,7.333023014
C(#Cc1cccc(C#Cc2ccc(-c3c4nc(c(-c5ccc(C#Cc6cccc(C#Cc7ccccc7)c6)cc5)c5ccc([nH]5)c(-c5ccc(C#Cc6cccc(C#Cc7ccccc7)c6)cc5)c5nc(c(-c6ccc(C#Cc7cccc(C#Cc8ccccc8)c7)cc6)c6ccc3[nH]6)C=C5)C=C4)cc2)c1)c1ccccc1,9.261318617
C(#Cc1ccc(C#Cc2ccc(-c3c4nc(c(-c5ccc(C#Cc6ccc(C#Cc7ccccc7)cc6)cc5)c5ccc([nH]5)c(-c5ccc(C#Cc6ccc(C#Cc7ccccc7)cc6)cc5)c5nc(c(-c6ccc(C#Cc7ccc(C#Cc8ccccc8)cc7)cc6)c6ccc3[nH]6)C=C5)C=C4)cc2)cc1)c1ccccc1,9.650206907
C(#Cc1ccc(-c2c3nc(c(-c4ccc(C#Cc5ccccc5)cc4)c4ccc([nH]4)c(-c4ccc(C#Cc5ccccc5)cc4)c4nc(c(-c5ccc(C#Cc6ccccc6)cc5)c5ccc2[nH]5)C=C4)C=C3)cc1)c1ccccc1,7.337587744
CCOc1ccc(-c2nnc(-c3ccc(/C=C/c4ccc5c(c4)sc4cc(/C=C/c6ccc(-c7nnc(-c8ccc(OCC)cc8)o7)cc6)ccc45)cc3)o2)cc1,5.932245187
CCOc1ccc(-c2nnc(-c3ccc(/C=C/c4ccc5c6ccc(/C=C/c7ccc(-c8nnc(-c9ccc(OCC)cc9)o8)cc7)cc6n(CC)c5c4)cc3)o2)cc1,6.118097198
N#Cc1c(/C=C/c2ccc(N(c3ccccc3)c3ccccc3)cc2)nc(/C=C/c2ccc(N(c3ccccc3)c3ccccc3)cc2)c(C#N)c1/C=C/c1ccc(N(c2ccccc2)c2ccccc2)cc1,5.231108617
N#Cc1c(/C=C/c2ccc(N(c3ccccc3)c3ccc(Br)cc3)cc2)nc(/C=C/c2ccc(N(c3ccccc3)c3ccc(Br)cc3)cc2)c(C#N)c1/C=C/c1ccc(N(c2ccccc2)c2ccc(Br)cc2)cc1,5.318119994
Cc1nc(/C=C/c2ccc(N(c3ccccc3)c3ccc(Br)cc3)cc2)c(C#N)c(/C=C/c2ccc(N(c3ccccc3)c3ccc(Br)cc3)cc2)c1C#N,4.770684624
CCCCCCCCCCCCCCCCN(CC)c1ccc(/C=C/c2nc(C)c(C#N)c(/C=C/c3ccc(N(CC)CCCCCCCCCCCCCCCC)cc3)c2C#N)cc1,4.691347882
Cc1cc(C)c(B(c2ccc(/C=C/c3ccc(/C=C/c4ccc(B(c5c(C)cc(C)cc5C)c5c(C)cc(C)cc5C)cc4)cc3)cc2)c2c(C)cc(C)cc2C)c(C)c1,4.317488114
Cc1cc(C)c(B(c2ccc(/C=C/c3ccc(/C=C/c4ccc(B(c5c(C)cc(C)cc5C)c5c(C)cc(C)cc5C)s4)cc3)s2)c2cc(C)cc(C)c2C)c(C)c1,7.200424893
CCN(CC)c1ccc(/C=C/c2ccc(/C=C/c3nc4ccccc4s3)cc2)cc1,5.327876169
C(=C/c1ccc(N(c2ccccc2)c2ccccc2)cc1)\c1ccc(/C=C/c2nc3ccccc3s2)cc1,5.398162702
C(=C/c1ccc(-n2c3ccccc3c3ccccc32)cc1)\c1ccc(/C=C/c2nc3ccccc3s2)cc1,4.770684624
CN(CCO)c1ccc(/C=C/c2cc(/C=C/c3ccc(N(C)CCO)cc3)c(/C=C/c3ccc(N(C)CCO)cc3)cc2/C=C/c2ccc(N(C)CCO)cc2)cc1,4.17438727
Cc1nc(/C=C/c2ccc(N(C)C)cc2)nc(/C=C/c2ccc(N(C)C)cc2)n1,7.038783541
CN(C)c1ccc(/C=C/c2nc(/C=C/c3ccc(N(C)C)cc3)nc(/C=C/c3ccc(N(C)C)cc3)n2)cc1,7.785305183
COc1ccc(N(c2ccc(C#Cc3cc(C)c(C#Cc4ccc(N(c5ccc(OC)cc5)c5ccc(OC)cc5)cc4)cc3C)cc2)c2ccc(OC)cc2)cc1,6.887552572
COc1ccc(N(c2ccc(C#Cc3c4ccccc4c(C#Cc4ccc(N(c5ccc(OC)cc5)c5ccc(OC)cc5)cc4)c4ccccc34)cc2)c2ccc(OC)cc2)cc1,5.991464547
COc1ccc(N(c2ccc(C#Cc3cc4ccc3CCc3ccc(cc3C#Cc3ccc(N(c5ccc(OC)cc5)c5ccc(OC)cc5)cc3)CC4)cc2)c2ccc(OC)cc2)cc1,5.634789603
Clc1ccc(N(c2ccc(Cl)cc2)c2ccc(C#Cc3c4ccccc4c(C#Cc4ccc(N(c5ccc(Cl)cc5)c5ccc(Cl)cc5)cc4)c4ccccc34)cc2)cc1,6.309918278
CCCCN(CCCC)c1ccc(/C=C/c2c(F)c(F)c(/C=C/c3ccc(N(CCCC)CCCC)cc3)c(F)c2F)cc1,7.244227516
CCCCN(CCCC)c1ccc(/C=C/c2ccc(/C=C/c3ccc(N(CCCC)CCCC)cc3)c(C#N)c2)cc1,5.560681631
CCCCN(CCCC)c1ccc(/C=C/c2cc(S(=O)(=O)CCC)c(/C=C/c3ccc(N(CCCC)CCCC)cc3)cc2S(=O)(=O)CCC)cc1,8.318742253
CCCCCCOc1ccc(OCCCCCC)c(/C=C/c2c(F)c(F)c(/C=C/c3cc(OCCCCCC)ccc3OCCCCCC)c(F)c2F)c1,6.396929655
CN(C)c1ccc(/C=C/C=C/c2c(F)c(F)c(/C=C/C=C/c3ccc(N(C)C)cc3)c(F)c2F)cc1,7.43838353
CN(C)c1ccc(/C=C/c2c(F)c(F)c(F)c(F)c2F)cc1,4.787491743
CN(C)c1ccc(/C=C/C=C/c2c(F)c(F)c(F)c(F)c2F)cc1,5.703782475
CN(C)c1ccc(/C=C/C=C/C=C/c2c(F)c(F)c(F)c(F)c2F)cc1,6.214608098
CCCCCCCCN1C(=O)c2cccc3c(C#Cc4ccc(C#Cc5ccc(C#Cc6ccc7c(c6)c6ccccc6n7CCC)cc5)cc4)ccc(c23)C1=O,4.787491743
CCCCCCCCN1C(=O)c2cccc3c(C#Cc4cccc(C#Cc5ccc(C#Cc6ccc7c(c6)c6ccccc6n7CCC)cc5)c4)ccc(c23)C1=O,4.584967479
CCCCCCCCN1C(=O)c2cccc3c(C#Cc4ccc(C#Cc5cccc(C#Cc6ccc7c(c6)c6ccccc6n7CCC)c5)cc4)ccc(c23)C1=O,3.784189634
CCCCCCCCN1C(=O)c2cccc3c(C#Cc4cccc(C#Cc5cccc(C#Cc6ccc7c(c6)c6ccccc6n7CCC)c5)c4)ccc(c23)C1=O,2.708050201
CCC(CC)CS(=O)(=O)c1ccc(/C=C/c2ccc(N(c3ccccc3)c3ccccc3)cc2)cc1,7.003065459
CCC(CC)CS(=O)(=O)c1ccc(/C=C/c2ccc(/C=C/c3ccc(N(c4ccccc4)c4ccccc4)cc3)cc2)cc1,7.901007052
CCC(CC)CS(=O)(=O)c1ccc(/C=C/c2ccc(N(c3ccccc3)c3ccc(/C=C/c4ccc(S(=O)(=O)CC(CC)CC)cc4)cc3)cc2)cc1,7.549609165
CCC(CC)CS(=O)(=O)c1ccc(/C=C/c2ccc(/C=C/c3ccc(N(c4ccccc4)c4ccc(/C=C/c5ccc(/C=C/c6ccc(S(=O)(=O)CC(CC)CC)cc6)cc5)cc4)cc3)cc2)cc1,8.630521877
CCC(CC)CS(=O)(=O)c1ccc(/C=C/c2ccc(N(c3ccc(/C=C/c4ccc(S(=O)(=O)CC(CC)CC)cc4)cc3)c3ccc(/C=C/c4ccc(S(=O)(=O)CC(CC)CC)cc4)cc3)cc2)cc1,8.433811582
CCC(CC)CS(=O)(=O)c1ccc(/C=C/c2ccc(/C=C/c3ccc(N(c4ccc(/C=C/c5ccc(/C=C/c6ccc(S(=O)(=O)CC(CC)CC)cc6)cc5)cc4)c4ccc(/C=C/c5ccc(/C=C/c6ccc(S(=O)(=O)CC(CC)CC)cc6)cc5)cc4)cc3)cc2)cc1,9.148464968
CC(C)(C)c1ccc(-c2nnc(-c3ccc(N(c4ccccc4)c4ccc5ccc6cccc7ccc4c5c67)cc3)o2)cc1,4.905274778
CCCCCCOc1ccc(-c2nnc(-c3ccc(N(c4ccccc4)c4ccccc4)cc3)o2)cc1,4.94875989
CCCCCCOc1ccc(-c2nnc(-c3ccc(N(c4ccccc4)c4cccc5ccccc45)cc3)o2)cc1,4.96284463
CCCCCCOc1ccc(-c2nnc(-c3ccc(N(c4ccccc4)c4ccc5ccc6cccc7ccc4c5c67)cc3)o2)cc1,5.517452896
N#C/C(=C\c1ccc(/C=C(\C#N)c2ccc(N(c3ccccc3)c3ccccc3)cc2)cc1)c1ccccc1,5.537334267
N#C/C(=C\c1ccc(/C=C(\C#N)c2ccc(N(c3ccccc3)c3cccc4ccccc34)cc2)cc1)c1ccccc1,6.29156914
N#C/C(=C\c1ccc(/C=C(\C#N)c2ccc(N(c3ccccc3)c3ccc4ccc5cccc6ccc3c4c56)cc2)cc1)c1ccccc1,7.073269717
C(#Cc1ccc(-c2nnc(-c3ccc(C#Cc4cccc(N(c5ccccc5)c5ccccc5)c4)s3)o2)s1)c1cccc(N(c2ccccc2)c2ccccc2)c1,6.90475077
CCCCN1C(=O)c2cccc3c(C#Cc4ccc(N(c5ccccc5)c5ccccc5)cc4)ccc(c23)C1=O,4.672828834
CCCCN1C(=O)c2cccc3c(C#Cc4ccc(N(c5ccccc5)c5ccc(C#Cc6ccc7c8c(cccc68)C(=O)N(CCCC)C7=O)cc5)cc4)ccc(c23)C1=O,5.886104031
CCCCN1C(=O)c2cccc3c(C#Cc4ccc(N(c5ccc(C#Cc6ccc7c8c(cccc68)C(=O)N(CCCC)C7=O)cc5)c5ccc(C#Cc6ccc7c8c(cccc68)C(=O)N(CCCC)C7=O)cc5)cc4)ccc(c23)C1=O,5.521460918
COc1ccc(N(c2ccccc2)c2ccc(/C=C/c3ccc(-c4nc(-c5ccc(C)cc5)nc(-c5ccc(C)cc5)n4)cc3)cc2)cc1,4.343805422
COc1ccc(N(c2ccccc2)c2ccc(/C=C/c3ccc(-c4nc(-c5ccc(/C=C/c6ccc(N(c7ccccc7)c7ccc(OC)cc7)cc6)cc5)nc(-c5ccc(/C=C/c6ccc(N(c7ccccc7)c7ccc(OC)cc7)cc6)cc5)n4)cc3)cc2)cc1,6.008813185
CN(C)c1ccc(/C=C2\CC/C(=C\c3ccc(N(c4ccccc4)c4ccccc4)cc3)C2=O)cc1,6.66057515
CN(C)c1ccc(/C=C2\CC/C(=C\c3ccc(N(c4ccccc4)c4ccc(/C=C5\CC/C(=C\c6ccc(N(C)C)cc6)C5=O)cc4)cc3)C2=O)cc1,7.813591553
CN(C)c1ccc(/C=C2\CC/C(=C/c3ccc(N(c4ccc(/C=C5\CC/C(=C\c6ccc(N(C)C)cc6)C5=O)cc4)c4ccc(/C=C5\CC/C(=C\c6ccc(N(C)C)cc6)C5=O)cc4)cc3)C2=O)cc1,8.101071503
c1ccc2cc(N(c3ccc(-c4ccc(-c5ccc(N(c6ccc7ccccc7c6)c6ccc7ccccc7c6)cc5)c5nsnc45)cc3)c3ccc4ccccc4c3)ccc2c1,4.700480366
c1ccc(N(c2ccccc2)c2ccc(-c3ccc(-c4ccc(-c5ccc(-c6ccc(N(c7ccccc7)c7ccccc7)cc6)cc5)c5nsnc45)cc3)cc2)cc1,5.298317367
c1ccc(N(c2ccccc2)c2ccc(-c3ccc(-c4ccc(-c5ccc(-c6ccc(N(c7ccccc7)c7ccccc7)s6)cc5)c5nsnc45)s3)cc2)cc1,5.634789603
C(=C/N(c1ccccc1)c1ccccc1)\c1ccc(/C=C/N(c2ccccc2)c2ccccc2)c2nsnc12,5.799092654
C(#Cc1ccc(C#Cc2ccc(N(c3ccccc3)c3ccccc3)cc2)c2nsnc12)c1ccc(N(c2ccccc2)c2ccccc2)cc1,5.298317367
C(=C/c1ccc(N(c2ccccc2)c2ccccc2)cc1)\c1ccc(-c2ccc(-c3ccc(/C=C/c4ccc(N(c5ccccc5)c5ccccc5)cc4)cc3)c3nsnc23)cc1,5.799092654
C(=C/c1cc(/C=C/c2ccc(-c3ccc(-c4ccc(N(c5ccccc5)c5ccccc5)cc4)c4nsnc34)cc2)cc(/C=C/c2ccc(-c3ccc(-c4ccc(N(c5ccccc5)c5ccccc5)cc4)c4nsnc34)cc2)c1)\c1ccc(-c2ccc(-c3ccc(N(c4ccccc4)c4ccccc4)cc3)c3nsnc23)cc1,6.65929392
C(=C/c1ccc(-c2ccc(-c3ccc(/C=C/c4ccc(N(c5ccccc5)c5ccccc5)cc4)cc3)c3nsnc23)cc1)\c1ccccc1,5.135798437
C(=C/c1ccc(N(c2ccccc2)c2ccccc2)cc1)\c1ccc(-c2ccc(-c3ccc(N(c4ccccc4)c4ccccc4)cc3)c3nsnc23)cc1,5.438079309
CCCCCCOc1cc(/C=C/c2ccc(N(CC)CC)cc2)c(OCCN(C)c2ccc(/N=N/c3ccc([N+](=O)[O-])cc3)cc2)cc1/C=C/c1ccc(N(CC)CC)cc1,7.863266724
CCCCCCCCCCCCOc1cc(/C=C/c2ccc(N(c3ccccc3)c3cccc(C)c3)cc2)c(OCCCCCCCCCCCC)cc1/C=C/c1ccc(N(c2ccccc2)c2cccc(C)c2)cc1,6.751101469
CC(C)(C)c1ccc(-c2nnc(-c3ccc(/C=C/c4ccc(N(c5ccc(/C=C/c6ccc(-c7nnc(-c8ccc(C(C)(C)C)cc8)o7)cc6)cc5)c5ccc(/C=C/c6ccc(-c7nnc(-c8ccc(C(C)(C)C)cc8)o7)cc6)cc5)cc4)cc3)o2)cc1,6.063785209
CCCCCN(CCCC)c1ccc(/C=C/c2cc(C#N)c(/C=C/c3ccc(/C=C/c4cc(C#N)c(/C=C/c5ccc(N(CCCC)CCCCC)cc5)cc4C#N)cc3)cc2C#N)cc1,8.188689124
CCCCCN(CCCC)c1ccc(/C=C/c2cc(OC)c(/C=C/c3cc(C#N)c(/C=C/c4cc(OC)c(/C=C/c5ccc(N(CCCC)CCCCC)cc5)cc4OC)cc3C#N)cc2OC)cc1,8.5754621
CCCCCCn1c(/C=C/c2ccc(N(CCCC)CCCC)cc2)ccc1/C=C/c1ncc(/C=C/C2=C(C#N)C(C(C#N)C#N)OC2(C)C)s1,7.258412151
CCCCCCCCCCS(=O)(=O)/C=C/c1ccc(C#Cc2ccc(N(c3ccc(C#Cc4ccc(/C=C/S(=O)(=O)CCCCCCCCCC)cc4)cc3)c3ccc(C#Cc4ccc(/C=C/S(=O)(=O)CCCCCCCCCC)cc4)cc3)cc2)cc1,6.970730078
CC(C)(C)c1ccc(-c2nnc(-c3ccc(/C=C/c4ccc(N(c5ccccc5)c5ccc(/C=C/c6ccc(-c7nnc(-c8ccc(C(C)(C)C)cc8)o7)cc6)cc5)cc4)cc3)o2)cc1,5.616771098
C(=C/c1ccc(/C=C/c2ccc(/C=C/c3ccc(N(c4ccccc4)c4ccccc4)cc3)s2)s1)\c1ccc(N(c2ccccc2)c2ccccc2)cc1,4.17438727
CC(C)(C)c1ccc(-c2nnc(-c3ccc(/C=C/c4ccc(N(c5ccccc5)c5ccccc5)cc4)cc3)o2)cc1,4.477336814
CCCCC1(CCCC)c2ccccc2-c2cc(/C=C/c3ccc(/C=C/c4ccc5c(c4)C(CCCC)(CCCC)c4ccc(N(c6ccccc6)c6ccccc6)cc4-5)cc3)ccc21,4.543294782
CCCCCCCCCCC1(CCCCCCCCCC)c2cc(/C=C/c3ccc(-c4nc5ccccc5s4)cc3)ccc2-c2ccc(/C=C/c3ccc(-c4nc5ccccc5s4)cc3)cc21,8.699514748
CC(C)(C)c1ccc(C2N=NC(c3ccc(N(c4ccccc4)c4ccccc4)cc3)O2)cc1,4.584967479
CC(C)(C)c1ccc(C2N=NC(c3ccc(N(c4ccccc4)c4cccc5ccccc45)cc3)O2)cc1,4.644390899
CCCCN(CCCC)c1ccc(/C=C/c2ccc(/C=C/c3ccc(-c4ccc(N(CCCC)CCCC)cc4)cc3)cc2)cc1,6.902742737
CCCCN(CCCC)c1ccc(/C=C/c2cc(OC)c(/C=C/c3ccc(-c4ccc(N(CCCC)CCCC)cc4)cc3)cc2OC)cc1,6.802394763
N#Cc1cc(/C=C/c2ccc(N(c3ccccc3)c3ccccc3)cc2)c(C#N)cc1/C=C/c1ccc(-c2ccc(N(c3ccccc3)c3ccccc3)cc2)cc1,7.570443252
Brc1cc(/C=C/c2ccc(N(c3ccccc3)c3ccccc3)cc2)c(Br)cc1/C=C/c1ccc(-c2ccc(N(c3ccccc3)c3ccccc3)cc2)cc1,6.109247583
CCCCCN(CCCCC)c1ccc(/C=C(/C#N)c2ccc(/C(C#N)=C/c3ccc(-c4ccc(N(CCCCC)CCCCC)cc4)cc3)cc2)cc1,6.791221463
Cc1cccc(N(c2ccccc2)c2ccc(/C=C/c3ccc(/C=C/c4ccc(-c5ccc(N(c6ccccc6)c6cccc(C)c6)cc5)cc4)cc3)cc2)c1,6.690842277
CCCCCCCCCCCCOc1cc(/C=C/c2ccc(N(c3ccccc3)c3cccc(C)c3)cc2)c(OCCCCCCCCCCCC)cc1/C=C/c1ccc(-c2ccc(N(c3ccccc3)c3cccc(C)c3)cc2)cc1,6.751101469
CCCCCN(/C=C/C=C/c1cc(OC)c(/C=C/C=C/c2ccc(N(CCCCC)CCCCC)cc2)cc1OC)CCCCC,7.146772179
CCCCN(CCC)c1ccc(/C=C/c2ccc3c(c2)CCc2cc(/C=C/c4ccc(N(CCCC)CCCC)cc4)ccc2-3)cc1,7.090076836
C/C(C=O)=C\C=C(C)\C=C\c1ccc2c(c1)CCc1cc(/C=C/c3ccc(C=O)cc3)ccc1-2,5.768320996
CCCCCCCCN(CCCCCCC)c1ccc(/C=C/c2ccc3c(c2)CCc2cc(/C=C/c4ccc(N(CCCCCCCC)CCCCCCCC)cc4)ccc2-3)cc1,7.455876687
CCCCCCCCN(CCCCCCC)c1ccc(/C=C/c2ccc(/C=C/c3ccc4c(c3)CCc3cc(/C=C/c5ccc(/C=C/c6ccc(N(CCCCCCCC)CCCCCCCC)cc6)s5)ccc3-4)s2)cc1,7.847762537
CCCCCCCCN(CCCCCCC)c1ccc(/C=C/c2ccc(/C=C/c3ccc4c(c3)CCc3cc(/C=C/c5ccc(/C=C/c6ccc(N(CCCCCCCC)CCCCCCCC)cc6)cc5)ccc3-4)cc2)cc1,8.104703468
CCCCCCCCN(CCCCCCC)c1ccc(/C=C/c2ccc3c(c2)CCc2cc(/C=C/c4ccc5c(c4)CCc4cc(/C=C/c6ccc7c(c6)CCc6cc(/C=C/c8ccc(N(CCCCCCCC)CCCCCCCC)cc8)ccc6-7)ccc4-5)ccc2-3)cc1,8.232174236
O=S(=O)(c1ccc(/C=C/c2ccc(C#Cc3ccc(N(c4ccc(C#Cc5ccc(/C=C/c6ccc(S(=O)(=O)C(F)(F)F)cc6)cc5)cc4)c4ccc(C#Cc5ccc(/C=C/c6ccc(S(=O)(=O)C(F)(F)F)cc6)cc5)cc4)cc3)cc2)cc1)C(F)(F)F,6.98471632
CCCCCCCCCC1(CCCCCCCCC)c2cc(C=O)ccc2-c2ccc(/C=C/c3ccc(N(c4ccc(/C=C/c5ccc6c(c5)C(CCCCCCCCC)(CCCCCCCCC)c5cc(C=O)ccc5-6)cc4)c4ccc(/C=C/c5ccc6c(c5)C(CCCCCCCCC)(CCCCCCCCC)c5cc(C=O)ccc5-6)cc4)cc3)cc21,7.142827401
CCCCCCCCCC1(CCCCCCCCC)c2cc(/C=C/c3ccc(N(CCCC)CCCC)cc3)ccc2-c2ccc(/C=C/c3ccc(N(c4ccc(/C=C/c5ccc6c(c5)C(CCCCCCCCC)(CCCCCCCCC)c5cc(/C=C/c7ccc(N(CCCC)CCCC)cc7)ccc5-6)cc4)c4ccc(/C=C/c5ccc6c(c5)C(CCCCCCCCC)(CCCCCCCCC)c5cc(/C=C/c7ccc(N(CCCC)CCCC)cc7)ccc5-6)cc4)cc3)cc21,8.205218426
CCCCCCCCCC1(CCCCCCCCC)c2cc(/C=C/c3ccc(N(c4ccc(/C=C/c5ccc6c(c5)C(CCCCCCCCC)(CCCCCCCCC)c5cc(/C=C/c7ccc(S(=O)(=O)C(F)(F)F)cc7)ccc5-6)cc4)c4ccc(/C=C/c5ccc6c(c5)C(CCCCCCCCC)(CCCCCCCCC)c5cc(/C=C/c7ccc(S(=O)(=O)C(F)(F)F)cc7)ccc5-6)cc4)cc3)ccc2-c2ccc(/C=C/c3ccc(S(=O)(=O)C(F)(F)F)cc3)cc21,7.640123173
O=S(=O)(c1ccc(/C=C/c2ccc(N(c3ccc(/C=C/c4ccc(S(=O)(=O)C(F)(F)F)cc4)cc3)c3ccc(/C=C/c4ccc(S(=O)(=O)C(F)(F)F)cc4)cc3)cc2)cc1)C(F)(F)F,7.200424893
O=S(=O)(c1ccc(/C=C/c2ccc(N(c3ccc(/C=C/c4ccc(S(=O)(=O)C(F)(F)C(F)(F)F)cc4)cc3)c3ccc(/C=C/c4ccc(S(=O)(=O)C(F)(F)C(F)(F)F)cc4)cc3)cc2)cc1)C(F)(F)C(F)(F)F,7.265429723
O=S(=O)(c1ccc(/C=C/c2ccc(/C=C/c3ccc(N(c4ccc(/C=C/c5ccc(/C=C/c6ccc(S(=O)(=O)C(F)(F)F)cc6)cc5)cc4)c4ccc(/C=C/c5ccc(/C=C/c6ccc(S(=O)(=O)C(F)(F)F)cc6)cc5)cc4)cc3)cc2)cc1)C(F)(F)F,7.635303886
CCCCCCC1(CCCCCC)c2cc(/C=C/c3ccc(N(c4ccc(/C=C/c5cccc(-c6nnc(-c7ccc(C(C)(C)C)cc7)o6)c5)cc4)c4ccc(/C=C/c5cccc(-c6nnc(-c7ccc(C(C)(C)C)cc7)o6)c5)cc4)cc3)ccc2-c2ccc(/C=C/c3ccc(N(c4ccc(/C=C/c5cccc(-c6nnc(-c7ccc(C(C)(C)C)cc7)o6)c5)cc4)c4ccc(/C=C/c5cccc(-c6nnc(-c7ccc(C(C)(C)C)cc7)o6)c5)cc4)cc3)cc21,6.102558595
CCn1c2ccccc2c2ccc(/C=C/c3cc4sc5sc(/C=C/c6cccc(-c7nnc(-c8ccc(C(C)(C)C)cc8)o7)c6)cc5c4s3)cc21,5.598421959
C(=C/c1cccc(N(c2ccccc2)c2ccccc2)c1)\c1ccccc1,3.295836866
C(=C/c1cccc(-c2nc3ccccc3s2)c1)\c1ccccc1,2.833213344
O=[N+]([O-])c1ccc(/C=C/c2cccc(N(c3ccccc3)c3ccccc3)c2)cc1,4.828313737
CCS(=O)(=O)c1ccc(/C=C/c2cccc(N(c3ccccc3)c3ccccc3)c2)cc1,3.610917913
C(=C/c1cccc(N(c2ccccc2)c2ccccc2)c1)\c1ccc(-c2nc3ccccc3s2)cc1,4.094344562
CCCCC1(CCCC)c2ccccc2-c2ccc(/C=C/c3ccc(/C=C/c4ccc5c(c4)C(CCCC)(CCCC)c4cc(N(c6ccccc6)c6ccccc6)ccc4-5)cc3)cc21,4.543294782
CCCCC1(CCCC)c2cc(/C=C/c3ccc(/C=C/c4ccc5c(c4)C(CCCC)(CCCC)c4c-5c5c(c6c4-c4ccc(/C=C/c7ccc(/C=C/c8ccc9c(c8)C(CCCC)(CCCC)c8cc(N(c%10ccccc%10)c%10ccccc%10)ccc8-9)cc7)cc4C6(CCCC)CCCC)C(CCCC)(CCCC)c4cc(/C=C/c6ccc(/C=C/c7ccc8c(c7)C(CCCC)(CCCC)c7cc(N(c9ccccc9)c9ccccc9)ccc7-8)cc6)ccc4-5)cc3)ccc2-c2ccc(N(c3ccccc3)c3ccccc3)cc21,6.401917197
CCC1(CC)c2cc(-c3nc4ccccc4s3)ccc2-c2ccc(-c3nc4ccccc4s3)cc21,5.913503006
CCCCCCCCCCC1(CCCCCCCCCC)c2cc(-c3nc4ccccc4s3)ccc2-c2ccc(-c3nc4ccccc4s3)cc21,6.040254711
CC(C)(C)c1ccc(-c2nnc(-c3ccc(C=Cc4ccc(N(c5ccc(/C=C/c6ccc(-c7nnc(-c8ccc(C(C)(C)C)cc8)o7)cc6)cc5)c5ccc(/C=C/c6ccc(-c7nnc(-c8ccc(C(C)(C)C)cc8)o7)cc6)cc5)cc4)cc3)o2)cc1,6.063785209
CCCCCCN(CCCCCC)c1ccc(/C=C/c2ccc(/C=C/c3ccc4cc5cc(/C=C/c6ccc(/C=C/c7ccc(N(CCCCCC)CCCCCC)cc7)cc6)ccc5cc4c3)cc2)cc1,7.038783541
CCCCCCN(CCCCCC)c1ccc(/C=C/c2ccc(/C=C/c3ccc4c(OCCC)c5cc(/C=C/c6ccc(/C=C/c7ccc(N(CCCCCC)CCCCCC)cc7)cc6)ccc5c(OCCC)c4c3)cc2)cc1,7.501082124
CCCCCCN(CCCCCC)c1ccc(/C=C/c2cc(OC)c(/C=C/c3ccc4cc5cc(/C=C/c6cc(OC)c(/C=C/c7ccc(N(CCCCCC)CCCCCC)cc7)cc6OC)ccc5cc4c3)cc2OC)cc1,7.855544678
CCCCCCN(CCCCCC)c1ccc(/C=C/c2ccc(/C=C/c3ccc4c(C#N)c5cc(/C=C/c6ccc(/C=C/c7ccc(N(CCCCCC)CCCCCC)cc7)cc6)ccc5c(C#N)c4c3)cc2)cc1,8.617943095
CCCCCCN(CCCCCC)c1ccc(/C=C/c2cc(OC)c(/C=C/c3ccc4c(C#N)c5cc(/C=C/c6cc(OC)c(/C=C/c7ccc(N(CCCCCC)CCCCCC)cc7)cc6OC)ccc5c(C#N)c4c3)cc2OC)cc1,8.202482447
CCCCCCN(CCCCCC)c1ccc(/C=C/c2ccc3cc4cc(/C=C/c5ccc(N(CCCCCC)CCCCCC)cc5)ccc4cc3c2)cc1,7.003065459
CCN(CCO)c1ccc(/N=N/c2ccc([N+](=O)[O-])cc2)cc1,4.700480366
O=[N+]([O-])c1ccc(/N=N/c2ccc(N(CCO)CCO)cc2)cc1,4.700480366
CCCCCCCCS(=O)(=O)c1ccc(/C=C/c2cccc(N(c3ccccc3)c3ccccc3)c2)cc1,4.49980967
CCCCCCCCS(=O)(=O)c1ccc(/C=C/c2ccc(N(c3ccccc3)c3cccc(/C=C/c4ccc(S(=O)(=O)CCCCCCCC)cc4)c3)cc2)cc1,6.003887067
CCCCCCCCS(=O)(=O)c1ccc(/C=C/c2ccc(N(c3ccccc3)c3cc(/C=C/c4ccc(S(=O)(=O)CCCCCCCC)cc4)cc(/C=C/c4ccc(S(=O)(=O)CCCCCCCC)cc4)c3)cc2)cc1,6.907755279
C(=C/c1cccc(N(c2ccccc2)c2ccccc2)c1)\c1ccc(N(c2ccc(/C=C/c3cccc(N(c4ccccc4)c4ccccc4)c3)cc2)c2ccc(/C=C/c3cccc(N(c4ccccc4)c4ccccc4)c3)cc2)cc1,7.090076836
C(=C/c1ccc(N(c2ccc(/C=C/c3cccc(N(c4ccccc4)c4ccccc4)c3)cc2)c2cccc(/C=C/c3cccc(N(c4ccccc4)c4ccccc4)c3)c2)cc1)\c1ccc(N(c2ccccc2)c2cccc(/C=C/c3ccc(N(c4ccc(/C=C/c5cccc(N(c6ccccc6)c6ccccc6)c5)cc4)c4cccc(/C=C/c5cccc(N(c6ccccc6)c6ccccc6)c5)c4)cc3)c2)cc1,7.863266724
CCCCC(CC)COc1c2sc3c(sc4c(OCC(CC)CCCC)c5c(sc6c5sc5c(OCC(CC)CCCC)c7c(sc8ccsc87)c(OCC(CC)CCCC)c56)c(OCC(CC)CCCC)c43)c2c(OCC(CC)CCCC)c2sc3ccsc3c12,4.158883083
CCCCC(CC)COc1c2sc3c(sc4c(OCC(CC)CCCC)c5c(sc6c5sc5c(OCC(CC)CCCC)c7c(sc8ccsc87)c(OCC(CC)CCCC)c56)c(OCC(CC)CCCC)c43)c2c(OCC(CC)CCCC)c2c1sc1c(OCC(CC)CCCC)c3c(sc4c3sc3c(OCC(CC)CCCC)c5c(sc6ccsc65)c(OCC(CC)CCCC)c34)c(OCC(CC)CCCC)c12,4.276666119
CCN(CC)c1ccc2c(c1)O[B-](C)(C)[N+](c1ccc([N+]3=Cc4ccc(N(CC)CC)cc4O[B-]3(C)C)cc1)=C2,6.733401892
CCN(CC)c1ccc2c(c1)O[B-](C)(C)[N+](c1cccc([N+]3=Cc4ccc(N(CC)CC)cc4O[B-]3(C)C)c1)=C2,1.902107526
CCCCc1ccc(N(c2ccc(/C=C/c3ccc4cc5cc(/C=C/c6ccc(N(c7ccc(CCCC)cc7)c7ccc(CCCC)cc7)cc6)ccc5cc4c3)cc2)c2ccc(CCCC)cc2)cc1,7.200424893
CCCCCCN(CCCCCC)c1ccc(/C=C/c2ccc3c(-c4ccccc4)c4cc(/C=C/c5ccc(N(CCCCCC)CCCCCC)cc5)ccc4c(-c4ccccc4)c3c2)cc1,6.593044534
CCCCc1ccc(N(c2ccc(/C=C/c3ccc4c(-c5ccccc5)c5cc(/C=C/c6ccc(N(c7ccc(CCCC)cc7)c7ccc(CCCC)cc7)cc6)ccc5c(-c5ccccc5)c4c3)cc2)c2ccc(CCCC)cc2)cc1,6.551080335
C(=C/c1ccc2c(-c3ccccc3)c3cc(/C=C/c4ccc(N(c5ccccc5)c5ccccc5)cc4)ccc3c(-c3ccccc3)c2c1)\c1ccc(N(c2ccccc2)c2ccccc2)cc1,6.579251212
N#Cc1ccc(-c2c3ccc(/C=C/c4ccc(N(c5ccccc5)c5ccccc5)cc4)cc3c(-c3ccc(C#N)cc3)c3ccc(/C=C/c4ccc(N(c5ccccc5)c5ccccc5)cc4)cc23)cc1,7.473069088
CCCCCCN(CCCCCC)c1ccc(/C=C/c2ccc3c(-c4ccc(C#N)cc4)c4cc(/C=C/c5ccc(N(CCCCCC)CCCCCC)cc5)ccc4c(-c4ccc(C#N)cc4)c3c2)cc1,7.34601021
CCCCCCN(CCCCCC)c1ccc(/C=C/c2ccc3c(C#N)c4cc(/C=C/c5ccc(N(CCCCCC)CCCCCC)cc5)ccc4c(C#N)c3c2)cc1,7.718685495
CCCCc1ccc(N(c2ccc(/C=C/c3ccc4c(C#N)c5cc(/C=C/c6ccc(N(c7ccc(CCCC)cc7)c7ccc(CCCC)cc7)cc6)ccc5c(C#N)c4c3)cc2)c2ccc(CCCC)cc2)cc1,7.820037989
CCCCc1ccc(N(c2ccc(/C=C/c3ccc4c(C#N)c5ccc(/C=C/c6ccc(N(c7ccc(CCCC)cc7)c7ccc(CCCC)cc7)cc6)cc5c(C#N)c4c3)cc2)c2ccc(CCCC)cc2)cc1,6.461468176
CCCCCCCCOC(OCCCCCCCC)(OCCCCCCCC)c1ccc(-c2nnc(-c3ccc(/N=N\c4ccc(OC)cc4)cc3)o2)cc1,3.33220451
C(=C/c1ccc(N(c2ccc(/C=C/c3ccc(N(c4ccccc4)c4ccccc4)cc3)cc2)c2ccc(/C=C/c3ccc(N(c4ccccc4)c4ccccc4)cc3)cc2)cc1)\c1ccc(/C=C/c2ccc(N(c3ccc(/C=C/c4ccc(N(c5ccccc5)c5ccccc5)cc4)cc3)c3ccc(/C=C/c4ccc(N(c5ccccc5)c5ccccc5)cc4)cc3)cc2)cc1,8.006367568
C(=C\c1ccc(N(c2ccc(/C=C/c3ccc(N(c4ccc(/C=C/c5ccc(N(c6ccccc6)c6ccccc6)cc5)cc4)c4ccc(/C=C/c5ccc(N(c6ccccc6)c6ccccc6)cc5)cc4)cc3)cc2)c2cccc(/C=C/c3ccc(N(c4ccc(/C=C/c5ccc(N(c6ccccc6)c6ccccc6)cc5)cc4)c4ccc(/C=C/c5ccc(N(c6ccccc6)c6ccccc6)cc5)cc4)cc3)c2)cc1)\c1ccc(/C=C/c2ccc(N(c3ccc(/C=C/c4ccc(N(c5ccc(/C=C/c6ccc(N(c7ccccc7)c7ccccc7)cc6)cc5)c5ccc(/C=C/c6ccc(N(c7ccccc7)c7ccccc7)cc6)cc5)cc4)cc3)c3cccc(/C=C/c4ccc(N(c5ccc(/C=C/c6ccc(N(c7ccccc7)c7ccccc7)cc6)cc5)c5ccc(/C=C/c6ccc(N(c7ccccc7)c7ccccc7)cc6)cc5)cc4)c3)cc2)cc1,8.630521877
O=C(O)CCCCCOc1ccc(/C=C/c2ccc(N(c3ccccc3)c3ccccc3)cc2)cc1,4.86753445
COc1cc(/C=C/c2ccc(N(c3ccccc3)c3ccccc3)cc2)cc(OC)c1OCCCCCC(=O)O,4.605170186
COc1cc(-c2ccc(/C=C/c3ccc(N(c4ccccc4)c4ccccc4)cc3)cc2)c(OC)cc1/C=C/c1cc(OC)c(CCCCCCC(=O)O)c(OC)c1,6.109247583
O=c1c2ccccc2sc2c1ccc1cc3ccccc3cc12,4.605170186
O=c1c2ccccc2sc2ccccc12,1.098612289
CCCCCCC1(CCCCCC)c2cc(C(=C(c3ccc4c(c3)C(CCCCCC)(CCCCCC)c3cc(N(c5ccccc5)c5ccccc5)ccc3-4)c3ccc4c(c3)C(CCCCCC)(CCCCCC)c3cc(N(c5ccccc5)c5ccccc5)ccc3-4)c3ccc4c(c3)C(CCCCCC)(CCCCCC)c3cc(N(c5ccccc5)c5ccccc5)ccc3-4)ccc2-c2ccc(N(c3ccccc3)c3ccccc3)cc21,5.991464547
CCCCCCC1(CCCCCC)c2ccccc2-c2ccc(C(=C(c3ccc4c(c3)C(CCCCCC)(CCCCCC)c3ccccc3-4)c3ccc4c(c3)C(CCCCCC)(CCCCCC)c3ccccc3-4)c3ccc4c(c3)C(CCCCCC)(CCCCCC)c3ccccc3-4)cc21,0.405465108
CCCCN1C(=O)/C(=C/c2ccc(-c3ccc(N(c4ccccc4)c4ccccc4)cc3)cc2)N=C1C,5.010635294
CCCCCCn1c2ccc(/C=C/c3ccc(N(c4ccc(CCCC)cc4)c4ccc(CCCC)cc4)cc3)cc2c2ccc(/C=C/c3ccc(N(c4ccc(CCCC)cc4)c4ccc(CCCC)cc4)cc3)cc21,6.429719478
CCCCCCCCCCCC(CCCCCCCCCCC)N1C(=O)c2ccc3c4ccc5c6c(ccc(c7ccc(c2c37)C1=O)c64)C(=O)N(C(CCCCCCCCCCC)CCCCCCCCCCC)C5=O,4.442651256
CCCCCCCCCCCC(CCCCCCCCCCC)N1C(=O)c2ccc3c4ccc5c6c(ccc(c7ccc(c2c37)C1=O)c64)C(=O)N(c1ccc(-n2c3ccc(/C=C/c4ccc(N(c6ccc(CCCC)cc6)c6ccc(CCCC)cc6)cc4)cc3c3ccc(/C=C/c4ccc(N(c6ccc(CCCC)cc6)c6ccc(CCCC)cc6)cc4)cc32)cc1)C5=O,6.98471632
CCCCCCCCCCCC(CCCCCCCCCCC)N1C(=O)c2ccc3c4ccc5c6c(ccc(c7ccc(c2c37)C1=O)c64)C(=O)N(CCCCCCn1c2ccc(/C=C/c3ccc(N(c4ccc(CCCC)cc4)c4ccc(CCCC)cc4)cc3)cc2c2ccc(/C=C/c3ccc(N(c4ccc(CCCC)cc4)c4ccc(CCCC)cc4)cc3)cc21)C5=O,6.802394763
CCN(CC)CCCOc1cc(C#Cc2ccc(C(=O)OC)cc2)c(OCCN(CC)CC)cc1C#Cc1ccc(C(=O)OC)cc1,6.613384218
CC[NH+](CC)CCCOc1cc(C#Cc2ccc(C(=O)[O-])cc2)c(OCC[NH+](CC)CC)cc1C#Cc1ccc(C(=O)[O-])cc1,8.089482474
CC(C)c1cccc(C(C)C)c1N1C(=O)c2cc(Oc3ccc(C#Cc4ccccc4)cc3)c3c4c(Oc5ccc(C#Cc6ccccc6)cc5)cc5c6c(cc(Oc7ccc(C#Cc8ccccc8)cc7)c(c7c(Oc8ccc(C#Cc9ccccc9)cc8)cc(c2c37)C1=O)c64)C(=O)N(c1c(C(C)C)cccc1C(C)C)C5=O,7.313220387
CCCCN1/C(=C/C2=C([O-])/C(=C\C3=[N+](CCCC)c4ccccc4C3(C)C)C2=O)C(C)(C)c2ccccc21,8.517193191
CCCCN1/C(=C\C=C\C=C\C2=[N+](CCCC)c3ccc4ccccc4c3C2(C)C)C(C)(C)c2ccc3ccccc3c21.Cc1ccc(S(=O)(=O)[O-])cc1,7.090076836
CCCCOc1c(/C=C/C2=[N+](COCCOCCOC)/C(=C3\C(=O)C(c4ccc(/C=C/c5sc(/C=C/c6ccc(N(CCCC)CCCC)cc6)c(OCCCC)c5OCCCC)n4COCCOCCOC)=C3[O-])C=C2)sc(/C=C/c2ccc(N(CCCC)CCCC)cc2)c1OCCCC,9.798127037
CCCCCCn1c(/C=C/C2=[N+](COCCOCCOC)/C(=C3\C(=O)C(c4ccc(/C=C/c5ccc(/C=C/c6ccc(N(CCCC)CCCC)cc6)n5CCCCCC)n4COCCOCCOC)=C3[O-])C=C2)ccc1/C=C/c1ccc(N(CCCC)CCCC)cc1,10.40426284
COCCOCCOCn1c(/C=N/N(c2ccccc2)c2ccccc2)ccc1C1=C([O-])/C(=C2\C=CC(/C=N/N(c3ccccc3)c3ccccc3)=[N+]2COCCOCCOC)C1=O,9.210340372
CCCCCCCCCCC1(CCCCCCCCCC)c2cc(-c3nc4ccccc4s3)ccc2-c2ccc(N3C(=O)c4ccc5c6ccc7c8c(ccc(c9ccc(c4c59)C3=O)c86)C(=O)N(c3ccc4c(c3)C(CCCCCCCCCC)(CCCCCCCCCC)c3cc(-c5nc6ccccc6s5)ccc3-4)C7=O)cc21,7.783224016
CCCCCCCCCCC1(CCCCCCCCCC)c2cc(N3C(=O)c4ccc5c6ccc7c8c(ccc(c9ccc(c4c59)C3=O)c86)C(=O)N(c3ccc4c(c3)C(CCCCCCCCCC)(CCCCCCCCCC)c3cc(N(c5ccccc5)c5ccccc5)ccc3-4)C7=O)ccc2-c2ccc(N(c3ccccc3)c3ccccc3)cc21,8.160518247
CCCCC1(CCCC)c2cc(-c3cccc(-c4nnc(-c5ccc(C(C)(C)C)cc5)n4-c4ccccc4)c3)ccc2-c2ccc(-c3ccc4c(c3)C(CCCC)(CCCC)c3cc(N(c5ccccc5)c5ccccc5)ccc3-4)cc21,3.80666249
CCCCC1(CCCC)c2cc(-c3ccc(-c4nnc(-c5ccc(C(C)(C)C)cc5)n4-c4ccccc4)cc3)ccc2-c2ccc(-c3ccc4c(c3)C(CCCC)(CCCC)c3cc(-c5ccc6c(c5)C(CCCC)(CCCC)c5cc(N(c7ccccc7)c7ccccc7)ccc5-6)ccc3-4)cc21,4.043051268
CCCCCCCCCCC1(CCCCCCCCCC)c2cc(-c3ccc(-c4nc5ccccc5s4)s3)ccc2-c2ccc(N(c3ccccc3)c3ccccc3)cc21,5.513428746
C#Cc1ccc(NS(=O)(=O)c2cccc3c(N(C)C)cccc23)cc1,4.521788577
CN(C)c1ccc(/C=C/c2cc(/C=C/c3ccc(N(C)C)cc3)nc(-n3cccn3)n2)cc1,6.609349243
CN(C)c1ccc(/C=C/c2cc(/C=C/c3ccc(N(C)C)cc3)nc(-n3ccnc3)n2)cc1,7.538494999
CCCCCCCCCCCC(=O)c1ccc2cc(N(C)C)ccc2c1,4.094344562
CCCCCCCCCCCC(=O)c1ccc2cc(N(C)CC(=O)O)ccc2c1,5.010635294
CCCCCCCCCC(=O)/C=C/c1ccc2cc(N(C)CC(=O)O)ccc2c1,5.521460918
CC(=O)c1ccc2cc(N(C)CC(=O)NCCCN(C)C)ccc2c1,4.804021045
c1ccc(N(c2ccccc2)c2ccc(-c3cc(-c4ccccn4)nc(-c4ccccn4)c3)cc2)cc1,6.073044534
O=[N+]([O-])c1ccc(N(c2ccccc2)c2ccc(-c3cc(-c4ccccn4)nc(-c4ccccn4)c3)cc2)cc1,6.02827852
CCOc1ccc(N(c2ccc(-c3cc(-c4ccccn4)nc(-c4ccccn4)c3)cc2)c2ccc([N+](=O)[O-])cc2)cc1,6.135564891
COC(=O)c1ccc(N(c2ccc(C(=O)OC)cc2)c2ccc(-c3cc(-c4ccccn4)nc(-c4ccccn4)c3)cc2)cc1,5.187385806
CCOc1ccc(N(c2ccc(OCC)cc2)c2ccc(-c3cc(-c4ccccn4)nc(-c4ccccn4)c3)cc2)cc1,4.248495242
Nc1ccc(N(c2ccccc2)c2ccc(-c3cc(-c4ccccn4)nc(-c4ccccn4)c3)cc2)cc1,5.686975356
CCOc1ccc(N(c2ccc(N)cc2)c2ccc(-c3cc(-c4ccccn4)nc(-c4ccccn4)c3)cc2)cc1,5.730099783
CCOC(=O)/C(C#N)=C/c1ccc(N(c2ccccc2)c2ccc(-c3cc(-c4ccccn4)nc(-c4ccccn4)c3)cc2)cc1,8.979416633
C(=C/c1cc(-c2ccccn2)nc(-c2ccccn2)c1)\c1ccc(-c2ccc(N(c3ccccc3)c3ccccc3)cc2)cc1,7.961718816
COC(=O)c1ccc(N(c2ccc(C(=O)OC)cc2)c2ccc(-c3ccc(/C=C/c4cc(-c5ccccn5)nc(-c5ccccn5)c4)cc3)cc2)cc1,6.926577033
CCOc1ccc(N(c2ccc(OCC)cc2)c2ccc(-c3ccc(/C=C/c4ccc(N)cc4)cc3)cc2)cc1,5.789960171
CCOc1ccc(N(c2ccc(OCC)cc2)c2ccc(-c3ccc(/C=C(\C#N)c4ccc(N)cc4)cc3)cc2)cc1,5.976350909
CCOC(=O)/C(C#N)=C1\C=C(/C=C/c2ccc(N(c3ccccc3)c3ccc(C=O)cc3)cc2)CC(C)(C)C1,6.492239835
CC1(C)CC(/C=C/c2ccc(N(c3ccccc3)c3ccc(C=O)cc3)cc2)=CC(=C(C#N)C#N)C1,6.906754779
CCOC(=O)/C(C#N)=C1\C=C(/C=C/c2ccc(N(c3ccccc3)c3ccc(/C=C/C4=C/C(=C(/C#N)C(=O)OCC)CC(C)(C)C4)cc3)cc2)CC(C)(C)C1,7.512071246
CCOC(=O)/C(C#N)=C1\C=C(/C=C/c2ccc(N(c3ccc(/C=C/C4=C/C(=C(/C#N)C(=O)OCC)CC(C)(C)C4)cc3)c3ccc(/C=C/C4=C/C(=C(/C#N)C(=O)OCC)CC(C)(C)C4)cc3)cc2)CC(C)(C)C1,8.590815331
CCOc1ccc(N(c2ccc(OCC)cc2)c2ccc(-c3nc4cc(-c5ccc6nc(-c7ccc(N(c8ccc(OCC)cc8)c8ccc(OCC)cc8)cc7)[nH]c6c5)ccc4[nH]3)cc2)cc1,5.393627546
c1ccc(N(c2ccccc2)c2ccc(-c3nc4cc(-c5ccc6nc(-c7ccc(N(c8ccccc8)c8ccccc8)cc7)[nH]c6c5)ccc4[nH]3)cc2)cc1,6.65544035
C(=C/c1cccnc1)\c1ccc(N(c2ccc(/C=C/c3cccnc3)cc2)c2ccc(/C=C/c3cccnc3)cc2)cc1,6.388561406
CCCCOC(=O)/C=C/c1ccc(N(c2ccc(/C=C/C(=O)OCCCC)cc2)c2ccc(/C=C/C(=O)OCCCC)cc2)cc1,5.97126184
COC(=O)/C=C/c1ccc(N(c2ccc(/C=C/C(=O)OC)cc2)c2ccc(/C=C/C(=O)OC)cc2)cc1,5.659482216
O=C(O)/C=C/c1ccc(N(c2ccc(/C=C/C(=O)O)cc2)c2ccc(/C=C/C(=O)O)cc2)cc1,5.247024072
CCOc1ccc(N(c2ccc(/C=C/c3ccc(Nc4nc(Nc5ccc(/C=C/c6ccc(N(c7ccc(OCC)cc7)c7ccc(OCC)cc7)cc6)cc5)nc(Nc5ccc(/C=C/c6ccc(N(c7ccc(OCC)cc7)c7ccc(OCC)cc7)cc6)cc5)n4)cc3)cc2)c2ccc(OCC)cc2)cc1,7.003065459
CC(C)CCCC(C)CCN1/C(=C/C2=C([O-])/C(=C\C3=[N+](CCC(C)CCCC(C)C)c4ccc(-c5ccc6c(c5)C(C)(C)/C(=C\C5=C([O-])/C(=C\C7=[N+](CCC(C)CCCC(C)C)c8ccccc8C7(C)C)C5=O)N6CCC(C)CCCC(C)C)cc4C3(C)C)C2=O)C(C)(C)c2ccccc21,8.630521877
CC(C)CCCC(C)CCN1/C(=C/C2=C([O-])/C(=C\C3=[N+](CCC(C)CCCC(C)C)c4ccc(C#Cc5ccc6c(c5)C(C)(C)/C(=C\C5=C([O-])/C(=C\C7=[N+](CCC(C)CCCC(C)C)c8ccccc8C7(C)C)C5=O)N6CCC(C)CCCC(C)C)cc4C3(C)C)C2=O)C(C)(C)c2ccccc21,8.446770727
CC(C)CCCC(C)CCN1/C(=C/C2=C([O-])/C(=C\C3=[N+](CCC(C)CCCC(C)C)c4ccc(C#CC#Cc5ccc6c(c5)C(C)(C)/C(=C\C5=C([O-])/C(=C\C7=[N+](CCC(C)CCCC(C)C)c8ccccc8C7(C)C)C5=O)N6CCC(C)CCCC(C)C)cc4C3(C)C)C2=O)C(C)(C)c2ccccc21,8.373322821
CC(C)CCCC(C)CCN1/C(=C/C2=C([O-])/C(=C\C3=[N+](CCC(C)CCCC(C)C)c4ccc(-c5ccc(-c6ccc7c(c6)C(C)(C)/C(=C\C6=C([O-])/C(=C\C8=[N+](CCC(C)CCCC(C)C)c9ccccc9C8(C)C)C6=O)N7CCC(C)CCCC(C)C)cc5)cc4C3(C)C)C2=O)C(C)(C)c2ccccc21,7.889833751
CC(C)CCCC(C)CCN1/C(=C/C2=C([O-])/C(=C\C3=[N+](CCC(C)CCCC(C)C)c4ccc(-c5ccc(C#Cc6ccc(-c7ccc8c(c7)C(C)(C)/C(=C\C7=C([O-])/C(=C\C9=[N+](CCC(C)CCCC(C)C)c%10ccccc%10C9(C)C)C7=O)N8CCC(C)CCCC(C)C)cc6)cc5)cc4C3(C)C)C2=O)C(C)(C)c2ccccc21,7.333023014
CC(C)CCCC(C)CCN1/C(=C/C2=C([O-])/C(=C\C3=[N+](CCC(C)CCCC(C)C)c4cc5c(cc4C3(C)C)C(C)(C)c3cc4c(cc3C5(C)C)C(C)(C)C(/C=C3/C(=O)C(/C=C5/N(CCC(C)CCCC(C)C)c6ccccc6C5(C)C)=C3[O-])=[N+]4CCC(C)CCCC(C)C)C2=O)C(C)(C)c2ccccc21,5.926926026
CC(C)(C)c1cc2c3cc(C(C)(C)C)cc4c5cc(C(C)(C)C)cc6c5c5c(c34)c3c2c(c1)c1cc(C(C)(C)C)cc2c4cc(C(C)(C)C)cc7c4c(c3c12)c5c1c6c2c3cccc4c(=O)c5cccc6c5c5c(c43)c3c2c(c2cc(C(C)(C)C)cc4c8cc(C(C)(C)C)cc9c8c(c3c42)c5c2c6c3c4cc(C(C)(C)C)cc5c6cc(C(C)(C)C)cc8c%10cc(C(C)(C)C)cc%11c%12cc(C(C)(C)C)cc%13c%14cc(C(C)(C)C)cc%15c%14c%14c(c%12%13)c(c%10%11)c(c86)c(c54)c%14c3c%15c92)c71,6.551080335
C=C1c2cccc3c2c2c4c5c1cccc5c1c5c6cc(C(C)(C)C)cc7c8cc(C(C)(C)C)cc9c%10cc(C(C)(C)C)cc%11c%12cc(C(C)(C)C)cc%13c%14cc(C(C)(C)C)cc%15c%14c%14c(c%12%13)c(c%10%11)c(c98)c(c76)c%14c5c%15c5c6cc(C(C)(C)C)cc7c8cc(C(C)(C)C)cc9c8c(c(c76)c4c15)c2c1c3c2c3cc(C(C)(C)C)cc4c5cc(C(C)(C)C)cc6c7cc(C(C)(C)C)cc8c%10cc(C(C)(C)C)cc%11c%12cc(C(C)(C)C)cc%13c%12c%12c(c%10%11)c(c78)c(c65)c(c43)c%12c2c%13c91,5.828945618
CC(C)(C)c1cc2c3cc(C(C)(C)C)cc4c5cc(C(C)(C)C)cc6c5c5c(c34)c3c2c(c1)c1cc(C(C)(C)C)cc2c4cc(C(C)(C)C)cc7c4c(c3c12)c5c1c6c2c3cc(C(C)(C)C)cc4c5cc(C(C)(C)C)cc6c5c5c(c43)c3c2c(c2cc(C(C)(C)C)cc4c8cc(C(C)(C)C)cc9c8c(c3c42)c5c2c6c3c4cc(C(C)(C)C)cc5c6cc(C(C)(C)C)cc8c%10cc(C(C)(C)C)cc%11c%12cc(C(C)(C)C)cc%13c%14cc(C(C)(C)C)cc%15c%14c%14c(c%12%13)c(c%10%11)c(c86)c(c54)c%14c3c%15c92)c71,5.752572639
CCCCCCCCN1c2ccc(C#Cc3ccc(C#Cc4ccc(N(c5ccccc5)c5ccccc5)cc4)c4nsnc34)cc2Sc2cc(C#Cc3ccc(C#Cc4ccc(N(c5ccccc5)c5ccccc5)cc4)c4nsnc34)ccc21,6.779921907
CCCCCCCCN1c2ccc(C#Cc3ccc(C#Cc4ccc(-n5c6ccccc6c6ccccc65)cc4)c4nsnc34)cc2Sc2cc(C#Cc3ccc(C#Cc4ccc(-n5c6ccccc6c6ccccc65)cc4)c4nsnc34)ccc21,6.620073207
CCCCCCCCN1c2ccc(C#Cc3ccc(-n4c5ccccc5c5ccccc54)c4nsnc34)cc2Sc2cc(C#Cc3ccc(-n4c5ccccc5c5ccccc54)c4nsnc34)ccc21,5.703782475
CCCCCCCCN1c2ccccc2Sc2cc(/C=C/c3ccc(C(c4ccc(/C=C/c5ccc6c(c5)Sc5ccccc5N6CCCCCCCC)cc4)(c4ccc(/C=C/c5ccc6c(c5)Sc5ccccc5N6CCCCCCCC)cc4)c4ccc(/C=C/c5ccc6c(c5)Sc5ccccc5N6CCCCCCCC)cc4)cc3)ccc21,4.48863637
c1ccc(N(c2ccccc2)c2ccc(-c3c4ccccc4c(-c4ccc(N(c5ccccc5)c5ccccc5)cc4)c4ccccc34)cc2)cc1,4.060443011
c1ccc(N(c2ccccc2)c2ccc(-c3ccc(-c4ccc(N(c5ccccc5)c5ccccc5)cc4)c4ccccc34)cc2)cc1,2.708050201
c1ccc(N(c2ccccc2)c2ccc(-c3ccc(-c4ccc(N(c5ccccc5)c5ccccc5)s4)s3)s2)cc1,5.075173815
c1ccc(N(c2ccccc2)c2ccc(-c3sc(-c4ccc(N(c5ccccc5)c5ccccc5)cc4)c4ccccc34)cc2)cc1,5.768320996
c1ccc(N(c2ccccc2)c2ccc(-c3sc(-c4ccc(N(c5ccccc5)c5ccccc5)s4)c4ccccc34)s2)cc1,5.991464547
CCC1=C(C)C2=C(c3ccccc3)C3=C(C)C(CC)=C(C)C3[B-](F)(F)[N+]2=C1C,3.401197382
CCC1=C(C)C2=C(c3ccc(N(c4ccccc4)c4ccccc4)cc3)C3=C(C)C(CC)=C(C)C3[B-](F)(F)[N+]2=C1C,4.382026635
CCC1=C(C)C2=C(c3ccccc3Oc3ccccc3C3=C4C(C)=C(CC)C(C)=[N+]4[B-](F)(F)C4C(C)=C(CC)C(C)=C34)C3=C(C)C(CC)=C(C)C3[B-](F)(F)[N+]2=C1C,4.248495242
CCCCC1(CCCC)c2cc(C3=C4C(C)=C(CC)C(C)=[N+]4[B-](F)(F)C4C(C)=C(CC)C(C)=C34)ccc2-c2c1c1c(c3c2C(CCCC)(CCCC)c2cc(C4=C5C(C)=C(CC)C(C)=[N+]5[B-](F)(F)C5C(C)=C(CC)C(C)=C45)ccc2-3)C(CCCC)(CCCC)c2cc(C3=C4C(C)=C(CC)C(C)=[N+]4[B-](F)(F)C4C(C)=C(CC)C(C)=C34)ccc2-1,5.075173815
CCC1=C(C)C2=C(c3ccc(C(c4ccc(C5=C6C(C)=C(CC)C(C)=[N+]6[B-](F)(F)C6C(C)=C(CC)C(C)=C56)cc4)(c4ccc(C5=C6C(C)=C(CC)C(C)=[N+]6[B-](F)(F)C6C(C)=C(CC)C(C)=C56)cc4)c4ccc(C5=C6C(C)=C(CC)C(C)=[N+]6[B-](F)(F)C6C(C)=C(CC)C(C)=C56)cc4)cc3)C3=C(C)C(CC)=C(C)C3[B-](F)(F)[N+]2=C1C,4.248495242
CCCCCCCCCCCc1c2c(=O)n3c(/C=C/c4ccc(C#N)cc4)ccc3c(CCCCCCCCCCC)c2c(=O)n2c(/C=C/c3ccc(C#N)cc3)ccc12,8.476371197
CCCCCCCCCCCc1c2c(=O)n3c(/C=C/c4ccc([N+](=O)[O-])cc4)ccc3c(CCCCCCCCCCC)c2c(=O)n2c(/C=C/c3ccc([N+](=O)[O-])cc3)ccc12,8.342839804
CCCCCCCCCCCc1c2c(=O)n3c(/C=C/c4cccc(OC)c4)ccc3c(CCCCCCCCCCC)c2c(=O)n2c(/C=C/c3cccc(OC)c3)ccc12,7.972466016
CCCCCCCc1c2c(=O)n3c(C#Cc4ccc([N+](=O)[O-])cc4)ccc3c(CCCCCCC)c2c(=O)n2c(C#Cc3ccc([N+](=O)[O-])cc3)ccc12,7.843848638
CCCCCCCc1c2c(=O)n3c(C#Cc4ccc(OC)cc4)ccc3c(CCCCCCC)c2c(=O)n2c(C#Cc3ccc(OC)cc3)ccc12,6.396929655
CCCCCCCc1c2c(=O)n3c(C#Cc4ccc(N(C)C)cc4)ccc3c(CCCCCCC)c2c(=O)n2c(C#Cc3ccc(N(C)C)cc3)ccc12,7.60090246
CN(C)c1ccc(C2=Cc3cccc[n+]3[B-](F)(F)O2)cc1,3.465735903
CN(C)c1ccc(C2=Nc3cccc[n+]3[B-](F)(F)O2)cc1,3.80666249
CN(C)c1ccc(/C=C/C2=Cc3cccc[n+]3[B-](F)(F)O2)cc1,4.700480366
N#C/C(=C\c1ccc(-c2ccc(N(c3ccccc3)c3ccccc3)cc2)s1)c1ccc(-c2ccc(N(c3ccccc3)c3ccccc3)cc2)s1,6.234410726
N#C/C(=C\c1ccc(-c2ccc(N(c3ccccc3)c3ccccc3)cc2)s1)c1cc(C(F)(F)F)cc(C(F)(F)F)c1,5.886104031
COCCOCCOc1ccc(/C=C/c2sc3ccccc3[n+]2CCCS(=O)(=O)[O-])cc1,4.17438727
COCOCCOCCOc1ccc(/C=C/c2sc3ccccc3[n+]2CCCS(=O)(=O)[O-])cc1,3.912023005
CCOc1cc(/C=C/c2sc3ccccc3[n+]2CCCS(=O)(=O)[O-])ccc1OCCOCCOC,6.309918278
FS(F)(F)(F)(F)c1ccc(/C=C/c2ccc(N(c3ccccc3)c3ccc(/C=C/c4ccc(S(F)(F)(F)(F)F)cc4)cc3)cc2)cc1,7.003065459
FS(F)(F)(F)(F)c1ccc(/C=C/c2ccc(N(c3ccc(/C=C/c4ccc(S(F)(F)(F)(F)F)cc4)cc3)c3ccc(/C=C/c4ccc(S(F)(F)(F)(F)F)cc4)cc3)cc2)cc1,7.696212639
FS(F)(F)(F)(F)c1ccc(/C=C/c2ccc(N(c3ccc(/C=C/c4ccc(N(c5ccccc5)c5ccccc5)cc4)cc3)c3ccc(/C=C/c4ccc(S(F)(F)(F)(F)F)cc4)cc3)cc2)cc1,7.43838353
Cn1c2ccccc2c2ccc(/C=C/c3ccc(N(c4ccc(/C=C/c5ccc(S(F)(F)(F)(F)F)cc5)cc4)c4ccc(/C=C/c5ccc(S(F)(F)(F)(F)F)cc5)cc4)cc3)cc21,7.34601021
CN1c2ccccc2Sc2cc(/C=C/c3ccc(N(c4ccc(/C=C/c5ccc(S(F)(F)(F)(F)F)cc5)cc4)c4ccc(/C=C/c5ccc(S(F)(F)(F)(F)F)cc5)cc4)cc3)ccc21,7.313220387
C=C(C)C(=O)Nc1nc(-c2ccc(Br)cc2)c(/N=N/c2ccccc2)s1,3.091042453
C=C(C)C(=O)Nc1nc(-c2ccccc2)c(/N=N/c2ccccc2)s1,3.135494216
C=C(C)C(=O)Nc1nc(-c2ccc(C)cc2)c(/N=N/c2ccccc2)s1,2.48490665
C=C(C)C(=O)Nc1nc(-c2ccc(OC)cc2)c(/N=N/c2ccccc2)s1,3.555348061
CCN(CC)c1ccc(/C=C/C(=O)c2cc3ccc(OCCOCCOCCOC)cc3oc2=O)cc1,5.521460918
CCN(COCCOCCOCCOC)c1ccc(/C=C/C(=O)c2cc3ccc(OCCOCCOCCOC)cc3oc2=O)cc1,5.991464547
COCCOCCOCCOCN(COCCOCCOCCOC)c1ccc(/C=C/C(=O)c2cc3ccc(OCCOCCOCCOC)cc3oc2=O)cc1,5.913503006
CCN(CC)c1ccc2cc(C(=O)/C=C/c3ccc(N(CC)COCCOCCOCCOC)cc3)c(=O)oc2c1,7.377758908
CCN(CC)c1ccc2cc(C(=O)/C=C/c3ccc(N(COCCOCCOCCOC)COCCOCCOCCOC)cc3)c(=O)oc2c1,7.377758908
CCC1c2ccc(N(c3ccccc3)c3ccccc3)cc2-c2ccc(C=C(C#N)C#N)cc21,5.966146739
CCC1c2ccc(N(c3ccccc3)c3ccccc3)cc2-c2ccc(/C=C3\OC(=O)C(C#N)=C3c3ccccc3)cc21,6.745236349
CCC1c2ccc(N(c3ccccc3)c3ccccc3)cc2-c2ccc(/C=C/c3cc[n+](C)cc3)cc21,5.940171253
CCC1c2ccc(N(c3ccccc3)c3ccccc3)cc2-c2ccc(/C=C/C3=CC(=C(C#N)C#N)CC(C)(C)C3)cc21,6.309918278
COC(=O)COc1ccc(C2=C3C(C)=CC(C)=[N+]3[B-](F)(F)n3c(C)cc(C)c32)cc1,3.688879454
CCC1=C(C)C2=C(c3ccc(OCC(=O)OC)cc3)c3c(C)c(CC)c(C)n3[B-](F)(F)[N+]2=C1C,4.605170186
COC(=O)COc1ccc(C2=C3C(C)=CC(C)=[N+]3[B-](F)(F)n3c(C)cc(C)c32)c2ccccc12,4.304065093
CCC1=C(C)C2=C(c3ccc(OCC(=O)OC)c4ccccc34)c3c(C)c(CC)c(C)n3[B-](F)(F)[N+]2=C1C,4.744932128
O=C1/C(=C/c2ccc(N(c3ccccc3)c3ccccc3)cc2)CC/C1=C\c1ccc(N(c2ccccc2)c2ccccc2)cc1,6.65929392
O=C(/C=C/c1ccc(N(c2ccccc2)c2ccccc2)cc1)/C=C/c1ccc(N(c2ccccc2)c2ccccc2)cc1,6.907755279
O=C(O)C(CS)Nc1ccc(S(=O)(=O)N2CCNCC2)c2nonc12,2.890371758
COc1ccc2c(ccc3cc(C(=O)N4CCN(S(=O)(=O)c5ccc(Cl)c6nonc56)CC4)c(=O)oc32)c1,3.912023005
COc1ccc2c(ccc3cc(C(=O)N4CCN(S(=O)(=O)c5ccc(NC(CS)C(=O)O)c6nonc56)CC4)c(=O)oc32)c1,3.871201011
C(=C/c1cc(/C=C/c2ccc(N(c3ccccc3)c3ccccc3)cc2)cc(/C=C/c2ccc(N(c3ccccc3)c3ccccc3)cc2)c1)\c1ccc(N(c2ccccc2)c2ccccc2)cc1,6.253828812
COc1cc(/C=C/c2ccc(C3OCCO3)cc2)c(OC)cc1/C=C/c1ccc(C2OCCO2)cc1,4.532599493
COc1cc(/C=C/c2ccc(C=O)cc2)c(OC)cc1/C=C/c1ccc(C=O)cc1,7.783224016
COc1ccc(N(c2ccccc2)c2ccc(C#Cc3ccc(/C(=C(/c4ccccc4)c4ccc(C#Cc5ccc(N(c6ccccc6)c6ccc(OC)cc6)cc5)cc4)c4ccccc4)cc3)cc2)cc1,5.192956851
COc1ccc(N(c2ccccc2)c2ccc(C#Cc3ccc(/C(=C(\c4ccccc4)c4ccc(C#Cc5ccc(N(c6ccccc6)c6ccc(OC)cc6)cc5)cc4)c4ccccc4)cc3)cc2)cc1,5.393627546
CCCCN(CCCC)c1ccc(C#CC(=O)C#Cc2ccc(N(CCCC)CCCC)cc2)cc1,5.472270674
O=C(C#Cc1ccc(N(c2ccccc2)c2ccccc2)cc1)C#Cc1ccc(N(c2ccccc2)c2ccccc2)cc1,5.545177444
CN(C)c1ccc(C#CC(=O)C#Cc2ccc(N(C)C)cc2)cc1,5.564520407
CN(C)c1ccc(C#Cc2cccc(C#Cc3ccc(N(C)C)cc3)n2)cc1,3.135494216
CN1/C(=C/C=C2C(=O)C(=C/C=C3/N(C)c4ccccc4C3(C)C)C(=O)C(=C/C=C3/N(C)c4ccccc4C3(C)C)C2=O)C(C)(C)c2ccccc21,7.090076836
CC(C)(C)C1=CC(=CC=C2C(=O)C(=CC=C3C=C(C(C)(C)C)OC(C(C)(C)C)=C3)C(=O)C(=CC=C3C=C(C(C)(C)C)OC(C(C)(C)C)=C3)C2=O)C=C(C(C)(C)C)O1,7.170119543
CC(C)(C)N1/C(=C/C=C2C(=O)C(=C/C=C3\Sc4ccccc4N3C(C)(C)C)C(=O)C(=C/C=C3/Sc4ccccc4N3C(C)(C)C)C2=O)Sc2ccccc21,6.184148891
O=C(C=Cc1ccc(N(c2ccccc2)c2ccccc2)cc1)c1cc(Br)c(C(=O)C=Cc2ccc(N(c3ccccc3)c3ccccc3)cc2)cc1Br,4.143134726
Fc1c(F)c(/C=C/c2ccc(N(c3ccccc3)c3ccccc3)cc2)c(F)c(F)c1/C=C/c1ccc(N(c2ccccc2)c2ccccc2)cc1,4.382026635
CCCCCCCCCCCCN(CCCCCCCCCCCC)c1ccc(-c2ccc3sc4ccccc4c(=O)c3c2)cc1,1.386294361
CCCCCCN(CCCCCC)c1ccc(C#Cc2ccc3sc4ccccc4c(=O)c3c2)cc1,3.091042453
CCCCCCCCCCCCN(CCCCCCCCCCCC)c1ccc(/C=C/c2ccc3sc4ccc(/C=C/c5ccc(N(CCCCCCCCCCCC)CCCCCCCCCCCC)cc5)cc4c(=O)c3c2)cc1,4.290459441
CCCCCCN(CCCCCC)c1ccc(C#Cc2ccc3sc4ccc(C#Cc5ccc(N(CCCCCC)CCCCCC)cc5)cc4c(=O)c3c2)cc1,4.852030264
CCCCCCCCCCCCN(CCCCCCCCCCCC)c1ccc2sc3ccc(N(CCCCCCCCCCCC)CCCCCCCCCCCC)cc3c(=O)c2c1,2.197224577
CCCCCCCCCCC1(CCCCCCCCCC)c2cc(C#Cc3ccc4c(c3)C(C)(C)C(/C=C3/C(=O)C(/C=C5/N(CC)c6ccccc6C5(C)C)=C3[O-])=[N+]4CC)ccc2-c2ccc(C#Cc3ccc4c(c3)C(C)(C)C(/C=C3/C(=O)C(/C=C5/N(CC)c6ccccc6C5(C)C)=C3[O-])=[N+]4CC)cc21,8.160518247
CCN1/C(=C/C2=C([O-])/C(=C\C3=[N+](CC)c4ccccc4C3(C)C)C2=O)C(C)(C)c2ccccc21,8.556413905
CN(C)c1ccc(/C=C2\Oc3ccccc3C2=O)cc1,7.336936914
CCn1c2ccccc2c2cc(/C=C3\Oc4ccccc4C3=O)ccc21,6.410174882
O=C1/C(=C/c2cc3c4c5c(ccc4c2)C=CCC5=CC3)Oc2ccccc21,5.463831805
CCCCCCC1(CCCCCC)c2cc(-c3nc4ccc(N(c5ccc6c(c5)C(CCCCCC)(CCCCCC)c5cc7c(cc5-6)C(CCCCCC)(CCCCCC)c5cc(N(c6ccc8nc(-c9ccc%10c(c9)C(CCCCCC)(CCCCCC)c9cc(N(c%11ccccc%11)c%11ccccc%11)ccc9-%10)c(-c9ccc%10c(c9)C(CCCCCC)(CCCCCC)c9cc(N(c%11ccccc%11)c%11ccccc%11)ccc9-%10)nc8c6)c6ccc8nc(-c9ccc%10c(c9)C(CCCCCC)(CCCCCC)c9cc(N(c%11ccccc%11)c%11ccccc%11)ccc9-%10)c(-c9ccc%10c(c9)C(CCCCCC)(CCCCCC)c9cc(N(c%11ccccc%11)c%11ccccc%11)ccc9-%10)nc8c6)ccc5-7)c5ccc6nc(-c7ccc8c(c7)C(CCCCCC)(CCCCCC)c7cc(N(c9ccccc9)c9ccccc9)ccc7-8)c(-c7ccc8c(c7)C(CCCCCC)(CCCCCC)c7cc(N(c9ccccc9)c9ccccc9)ccc7-8)nc6c5)cc4nc3-c3ccc4c(c3)C(CCCCCC)(CCCCCC)c3cc(N(c5ccccc5)c5ccccc5)ccc3-4)ccc2-c2ccc(N(c3ccccc3)c3ccccc3)cc21,8.732304571
CCCCCCC1(CCCCCC)c2cc(-c3nc4ccc(N(c5ccc6c(c5)C(CCCCCC)(CCCCCC)c5cc7c(cc5-6)C(CCCCCC)(CCCCCC)c5cc6c(cc5-7)C(CCCCCC)(CCCCCC)c5cc(N(c7ccc8nc(-c9ccc%10c(c9)C(CCCCCC)(CCCCCC)c9cc(N(c%11ccccc%11)c%11ccccc%11)ccc9-%10)c(-c9ccc%10c(c9)C(CCCCCC)(CCCCCC)c9cc(N(c%11ccccc%11)c%11ccccc%11)ccc9-%10)nc8c7)c7ccc8nc(-c9ccc%10c(c9)C(CCCCCC)(CCCCCC)c9cc(N(c%11ccccc%11)c%11ccccc%11)ccc9-%10)c(-c9ccc%10c(c9)C(CCCCCC)(CCCCCC)c9cc(N(c%11ccccc%11)c%11ccccc%11)ccc9-%10)nc8c7)ccc5-6)c5ccc6nc(-c7ccc8c(c7)C(CCCCCC)(CCCCCC)c7cc(N(c9ccccc9)c9ccccc9)ccc7-8)c(-c7ccc8c(c7)C(CCCCCC)(CCCCCC)c7cc(N(c9ccccc9)c9ccccc9)ccc7-8)nc6c5)cc4nc3-c3ccc4c(c3)C(CCCCCC)(CCCCCC)c3cc(N(c5ccccc5)c5ccccc5)ccc3-4)ccc2-c2ccc(N(c3ccccc3)c3ccccc3)cc21,9.210340372
CCCCCCC1(CCCCCC)c2cc(-c3nnc(C(C)(C)C)o3)ccc2-c2ccc(N(c3ccc4c(c3)C(CCCCCC)(CCCCCC)c3cc(N(c5ccccc5)c5ccccc5)ccc3-4)c3ccc4c(c3)C(CCCCCC)(CCCCCC)c3cc(N(c5ccccc5)c5ccccc5)ccc3-4)cc21,6.396929655
CCCCCCC1(CCCCCC)c2cc(-c3nnc(C(C)(C)C)o3)ccc2-c2ccc(N(c3ccc4c(c3)C(CCCCCC)(CCCCCC)c3cc(N(c5ccc6c(c5)C(CCCCCC)(CCCCCC)c5cc(N(c7ccccc7)c7ccccc7)ccc5-6)c5ccc6c(c5)C(CCCCCC)(CCCCCC)c5cc(N(c7ccccc7)c7ccccc7)ccc5-6)ccc3-4)c3ccc4c(c3)C(CCCCCC)(CCCCCC)c3cc(N(c5ccc6c(c5)C(CCCCCC)(CCCCCC)c5cc(N(c7ccccc7)c7ccccc7)ccc5-6)c5ccc6c(c5)C(CCCCCC)(CCCCCC)c5cc(N(c7ccccc7)c7ccccc7)ccc5-6)ccc3-4)cc21,7.244227516
CCCCCCC1(CCCCCC)c2cc(-c3nnc(-c4ccc5c(c4)C(CCCCCC)(CCCCCC)c4cc(N(c6ccc7c(c6)C(CCCCCC)(CCCCCC)c6cc(N(c8ccccc8)c8ccccc8)ccc6-7)c6ccc7c(c6)C(CCCCCC)(CCCCCC)c6cc(N(c8ccccc8)c8ccccc8)ccc6-7)ccc4-5)o3)ccc2-c2ccc(N(c3ccc4c(c3)C(CCCCCC)(CCCCCC)c3cc(N(c5ccccc5)c5ccccc5)ccc3-4)c3ccc4c(c3)C(CCCCCC)(CCCCCC)c3cc(N(c5ccccc5)c5ccccc5)ccc3-4)cc21,7.937374696
CCCCCCC1(CCCCCC)c2cc(-c3nnc(-c4ccc5c(c4)C(CCCCCC)(CCCCCC)c4cc(N(c6ccc7c(c6)C(CCCCCC)(CCCCCC)c6cc(N(c8ccc9c(c8)C(CCCCCC)(CCCCCC)c8cc(N(c%10ccccc%10)c%10ccccc%10)ccc8-9)c8ccc9c(c8)C(CCCCCC)(CCCCCC)c8cc(N(c%10ccccc%10)c%10ccccc%10)ccc8-9)ccc6-7)c6ccc7c(c6)C(CCCCCC)(CCCCCC)c6cc(N(c8ccc9c(c8)C(CCCCCC)(CCCCCC)c8cc(N(c%10ccccc%10)c%10ccccc%10)ccc8-9)c8ccc9c(c8)C(CCCCCC)(CCCCCC)c8cc(N(c%10ccccc%10)c%10ccccc%10)ccc8-9)ccc6-7)ccc4-5)o3)ccc2-c2ccc(N(c3ccc4c(c3)C(CCCCCC)(CCCCCC)c3cc(N(c5ccc6c(c5)C(CCCCCC)(CCCCCC)c5cc(N(c7ccccc7)c7ccccc7)ccc5-6)c5ccc6c(c5)C(CCCCCC)(CCCCCC)c5cc(N(c7ccccc7)c7ccccc7)ccc5-6)ccc3-4)c3ccc4c(c3)C(CCCCCC)(CCCCCC)c3cc(N(c5ccc6c(c5)C(CCCCCC)(CCCCCC)c5cc(N(c7ccccc7)c7ccccc7)ccc5-6)c5ccc6c(c5)C(CCCCCC)(CCCCCC)c5cc(N(c7ccccc7)c7ccccc7)ccc5-6)ccc3-4)cc21,8.853665428
CCOc1ccc(/C=C/c2c(COC(=O)c3ccc(OC)cc3)c3ccc(N(CC)CC)cc3oc2=O)cc1,4.094344562
CCN(CC)c1ccc2c(COC(=O)c3ccc(OC)cc3)c(C=Cc3ccc(N(C)C)cc3)c(=O)oc2c1,5.298317367
CCN(CC)c1ccc2c(COC(=O)c3ccc(OC)cc3)c(C=Cc3ccccc3)c(=O)oc2c1,3.688879454
CCN(CC)c1ccc2c(COC(=O)c3ccc(OC)cc3)c(C=Cc3ccc(C(=O)OC)cc3)c(=O)oc2c1,4.382026635
COc1ccc(C(=O)OCc2c(/C=C/c3cc4c5c(c3)CCCN5CCC4)c(=O)oc3c4c5c(cc23)CCCN5CCC4)cc1,3.713572067
C(=C/c1ccc(/C=C/c2ccc(N(c3ccccc3)c3ccc(/C=C/c4ccc(/C=C/c5ccc(N(c6ccccc6)c6ccccc6)cc5)o4)cc3)cc2)o1)\c1ccc(N(c2ccccc2)c2ccccc2)cc1,8.567886306
C(=C/c1ccc(/C=C/c2ccc(N(c3ccccc3)c3ccc(/C=C/c4ccc(/C=C/c5ccc(N(c6ccccc6)c6ccccc6)cc5)s4)cc3)cc2)s1)\c1ccc(N(c2ccccc2)c2ccccc2)cc1,6.779921907
CCCCCCn1c(/C=C/c2ccc(N(c3ccccc3)c3ccccc3)cc2)ccc1/C=C/c1ccc(N(c2ccccc2)c2ccc(/C=C/c3ccc(/C=C/c4ccc(N(c5ccccc5)c5ccccc5)cc4)n3CCCCCC)cc2)cc1,6.086774727
CCCCn1c2ccccc2c2ccc(/C=C/c3ccc(/C=C/c4ccc5c6ccccc6n(CCCC)c5c4)cc3)cc21,3.091042453
CCCCn1c2ccccc2c2ccc(/C=C/c3cc(/C=C/c4ccc5c6ccccc6n(CCCC)c5c4)cc(-c4ccc5c6ccc(/C=C/c7ccc(/C=C/c8ccc9c%10ccc(-c%11cc(/C=C/c%12ccc%13c%14ccccc%14n(CCCC)c%13c%12)cc(/C=C/c%12ccc%13c%14ccccc%14n(CCCC)c%13c%12)c%11)cc%10n(CCCC)c9c8)cc7)cc6n(CCCC)c5c4)c3)cc21,5.036952602
CCCCN(CCCC)c1ccc(/C=C/c2c3ccc(/C=C/c4ccc(C(C)(C)C)cc4)cc3c(/C=C/c3ccc(N(CCCC)CCCC)cc3)c3ccc(/C=C/c4ccc(C(C)(C)C)cc4)cc23)cc1,6.396929655
CCCCN(CCCC)c1ccc(/C=C/c2c3ccc(/C=C/c4ccncc4)cc3c(/C=C/c3ccc(N(CCCC)CCCC)cc3)c3ccc(/C=C/c4ccncc4)cc23)cc1,6.620073207
CCCCN(CCCC)c1ccc(/C=C/c2ccc3c(/C=C/c4ccncc4)c4cc(/C=C/c5ccc(N(CCCC)CCCC)cc5)ccc4c(/C=C/c4ccncc4)c3c2)cc1,7.279318835
O=[N+]([O-])c1ccc(/C=C/c2ccc(OCc3ccccc3)cc2)cc1,4.553876892
O=[N+]([O-])c1ccc(/C=C/c2ccc(OCc3ccc(Br)cc3)cc2)cc1,4.17438727
O=[N+]([O-])c1ccc(/C=C/c2ccc(OCc3cc(Br)cc(Br)c3)cc2)cc1,4.060443011
O=[N+]([O-])c1ccc(/C=C/c2ccc(OCc3c(Br)c(Br)c(Br)c(Br)c3Br)cc2)cc1,4.060443011
O=[N+]([O-])c1ccc(/C=C/c2ccc(OCc3ccccc3)c(OCc3ccccc3)c2)cc1,5.991464547
O=[N+]([O-])c1ccc(/C=C/c2ccc(OCc3ccc(Br)cc3)c(OCc3ccc(Br)cc3)c2)cc1,5.298317367
O=[N+]([O-])c1ccc(/C=C/c2ccc(OCc3cc(Br)cc(Br)c3)c(OCc3cc(Br)cc(Br)c3)c2)cc1,3.80666249
O=[N+]([O-])c1ccc(/C=C/c2ccc(OCc3c(Br)c(Br)c(Br)c(Br)c3Br)c(OCc3c(Br)c(Br)c(Br)c(Br)c3Br)c2)cc1,3.80666249
O=C(c1ccccc1)c1ccc(/C=C/c2ccc(N(c3ccccc3)c3ccc(/C=C/c4ccccc4)cc3)cc2)cc1,5.703782475
COc1cc(/C=C/c2ccc(N(c3ccccc3)c3ccc(/C=C/c4ccc(C(=O)c5ccccc5)cc4)cc3)cc2)cc(OC)c1OC,5.438079309
O=C(c1ccccc1)c1ccc(/C=C/c2ccc(N(c3ccccc3)c3ccc(/C=C/c4ccc([N+](=O)[O-])cc4)cc3)cc2)cc1,7.279318835
O=[N+]([O-])c1ccc(/C=C/c2ccc(N(c3ccccc3)c3ccccc3)cc2)cc1,7.265429723
C(=C/c1ccccn1)\c1ccc(-c2ccc(/C=C/c3ccccn3)cc2)cc1,4.584967479
c1(/C=C/c2ccc(c3ccc(/C=C/c4cnccc4)cc3)cc2)cnccc1,4.007333185
c1(/C=C/c2ccncc2)ccc(c3ccc(/C=C/c4ccncc4)cc3)cc1,4.65396035
O=C(c1ccccc1)c1ccc(/C=C/c2ccc(N(c3ccccc3)c3ccc(-c4ccc([N+](=O)[O-])cc4)cc3)cc2)cc1,5.393627546
O=C(c1ccccc1)c1ccc(/C=C/c2ccc(N(c3ccccc3)c3ccc(-c4cccc([N+](=O)[O-])c4)cc3)cc2)cc1,5.075173815
O=C(c1ccccc1)c1ccc(/C=C/c2ccc(N(c3ccccc3)c3ccc(-c4ccccc4)cc3)cc2)cc1,5.634789603
Cc1ccc(-c2ccc(N(c3ccccc3)c3ccc(/C=C/c4ccc(C(=O)c5ccccc5)cc4)cc3)cc2)cc1,5.886104031
O=C(c1ccccc1)c1ccc(/C=C/c2ccc(N(c3ccccc3)c3ccc(/C=C\c4ccccc4)cc3)cc2)cc1,6.779921907
COc1ccc(-c2ccc(N(c3ccccc3)c3ccc(/C=C/c4ccc(C(=O)c5ccccc5)cc4)cc3)cc2)cc1,6.98471632
CN(C)c1ccc(C#Cc2ccc3nc(C#Cc4ccc(N(C)C)cc4)sc3c2)cc1,5.669880923
C(#Cc1ccc2nc(C#Cc3ccc(N(c4ccccc4)c4ccccc4)cc3)sc2c1)c1ccc(N(c2ccccc2)c2ccccc2)cc1,6.745236349
COCCN(CCOC)c1ccc(C#Cc2ccc3nc(C#Cc4ccc(N(CCOC)CCOC)cc4)sc3c2)cc1,5.703782475
OCCN(CCO)c1ccc(C#Cc2ccc3nc(C#Cc4ccc(N(CCO)CCO)cc4)sc3c2)cc1,6.684611728
CN(C)c1ccc(/C=C/c2ccc3nc(/C=C/c4ccc(N(C)C)cc4)sc3c2)cc1,6.396929655
C(=C/c1ccc2nc(/C=C/c3ccc(N(c4ccccc4)c4ccccc4)cc3)sc2c1)\c1ccc(N(c2ccccc2)c2ccccc2)cc1,7.003065459
O=C(O)CCC1(CCC(=O)O)c2cc(-c3nc4ccccc4s3)ccc2-c2ccc([N+](=O)[O-])cc21,3.912023005
COCCOCCC1(CCOCCOC)c2cc(-c3nc4ccccc4s3)ccc2-c2ccc([N+](=O)[O-])cc21,4.094344562
CCCCCCC1(CCCCCC)c2cc(C#Cc3ccc(C4=[N+]5C(=Nc6c(-c7ccccc7)cc(-c7ccc(C#Cc8ccc9c(c8)C(CCCCCC)(CCCCCC)c8cc([N+](=O)[O-])ccc8-9)cc7)n6[B-]5(F)F)C(c5ccccc5)=C4)cc3)ccc2-c2ccc([N+](=O)[O-])cc21,6.380122537
Cc1cc(=O)oc2cc(/[NH+]=C/C=C3/C=C(C(=O)O)NC(C(=O)O)C3)ccc12,5.777652323
O=C(O)C1=C/C(=C/C=[NH+]/c2ccc3c(C(F)(F)F)cc(=O)oc3c2)CC(C(=O)O)N1,5.187385806
Cc1ccc2c(c1)C(=O)C1(O)CCN(c3ccccc3)C1=N2,6.502790046
O=C1C(c2cn(-c3ccccc3)c3ccccc23)=C([O-])/C1=C1/C=[N+](c2ccccc2)c2ccccc21,8.989569005
COc1ccc(CN2/C(=C/C3=C([O-])/C(=C/C4=[N+](Cc5ccc(OC)cc5)c5ccc6ccccc6c5C4(C)C)C3=O)C(C)(C)c3c2ccc2ccccc32)cc1,9.399803037
